"file","MP","Ftrgt","Btrigger","period","risk","SSB","Fbar","Catch","Fbar.1","SSB_rel","Catch_rel","Fbar_rel","ICV"
"mp_0_0.rds","ICES_SAM",0,0,"long-term",0,17753.4322082758,5.28902167838161e-155,1.537203454175e-150,5.28902167838161e-155,3.42320624910623,1.28975729929799e-153,2.30037455457219e-154,0.189922901849747
"mp_0_0.rds","ICES_SAM",0,0,"short-term",0.126857142857143,9674.62332979041,5.29180409117114e-155,8.51649558550932e-151,5.29180409117114e-155,1.8880269474278,7.09978177255923e-154,2.29885838297848e-154,0.234005165458734
"mp_0_0.rds","ICES_SAM",0,0,"all",0.126857142857143,13585.9796302138,5.29063974564457e-155,1.15894723014723e-150,5.29063974564457e-155,2.67241723548061,9.69928177677483e-154,2.29955037323154e-154,0.209591390912905
"mp_0_0.rds","ICES_SAM",0,1000,"long-term",0,17753.4322082758,5.28902167838161e-155,1.537203454175e-150,5.28902167838161e-155,3.42320624910623,1.28975729929799e-153,2.30037455457219e-154,0.189922901849747
"mp_0_0.rds","ICES_SAM",0,1000,"short-term",0.126857142857143,9674.62332979041,5.29180409117114e-155,8.51649558550932e-151,5.29180409117114e-155,1.8880269474278,7.09978177255923e-154,2.29885838297848e-154,0.234005165458734
"mp_0_0.rds","ICES_SAM",0,1000,"all",0.126857142857143,13585.9796302138,5.29063974564457e-155,1.15894723014723e-150,5.29063974564457e-155,2.67241723548061,9.69928177677483e-154,2.29955037323154e-154,0.209591390912905
"mp_0_0.rds","ICES_SAM",0,2000,"long-term",0,17753.4322082758,5.28902167838161e-155,1.537203454175e-150,5.28902167838161e-155,3.42320624910623,1.28975729929799e-153,2.30037455457219e-154,0.189922901849747
"mp_0_0.rds","ICES_SAM",0,2000,"short-term",0.126857142857143,9674.62332979041,5.29180409117114e-155,8.51649558550932e-151,5.29180409117114e-155,1.8880269474278,7.09978177255923e-154,2.29885838297848e-154,0.234005165458734
"mp_0_0.rds","ICES_SAM",0,2000,"all",0.126857142857143,13585.9796302138,5.29063974564457e-155,1.15894723014723e-150,5.29063974564457e-155,2.67241723548061,9.69928177677483e-154,2.29955037323154e-154,0.209591390912905
"mp_0_0.rds","ICES_SAM",0,3000,"long-term",0,17753.4322082758,5.28902167838161e-155,1.537203454175e-150,5.28902167838161e-155,3.42320624910623,1.28975729929799e-153,2.30037455457219e-154,0.189922901849747
"mp_0_0.rds","ICES_SAM",0,3000,"short-term",0.126857142857143,9674.62332979041,5.29180409117114e-155,8.51649558550932e-151,5.29180409117114e-155,1.8880269474278,7.09978177255923e-154,2.29885838297848e-154,0.234005165458734
"mp_0_0.rds","ICES_SAM",0,3000,"all",0.126857142857143,13585.9796302138,5.29063974564457e-155,1.15894723014723e-150,5.29063974564457e-155,2.67241723548061,9.69928177677483e-154,2.29955037323154e-154,0.209591390912905
"mp_0_0.rds","ICES_SAM",0,4000,"long-term",0,17753.4322082758,5.28902167838161e-155,1.537203454175e-150,5.28902167838161e-155,3.42320624910623,1.28975729929799e-153,2.30037455457219e-154,0.189922901849747
"mp_0_0.rds","ICES_SAM",0,4000,"short-term",0.126857142857143,9674.62332979041,5.29180409117114e-155,8.51649558550932e-151,5.29180409117114e-155,1.8880269474278,7.09978177255923e-154,2.29885838297848e-154,0.234005165458734
"mp_0_0.rds","ICES_SAM",0,4000,"all",0.126857142857143,13585.9796302138,5.29063974564457e-155,1.15894723014723e-150,5.29063974564457e-155,2.67241723548061,9.69928177677483e-154,2.29955037323154e-154,0.209591390912905
"mp_0_0.rds","ICES_SAM",0,5000,"long-term",0,17753.4322082758,5.28902167838161e-155,1.537203454175e-150,5.28902167838161e-155,3.42320624910623,1.28975729929799e-153,2.30037455457219e-154,0.189922901849747
"mp_0_0.rds","ICES_SAM",0,5000,"short-term",0.126857142857143,9674.62332979041,5.29180409117114e-155,8.51649558550932e-151,5.29180409117114e-155,1.8880269474278,7.09978177255923e-154,2.29885838297848e-154,0.234005165458734
"mp_0_0.rds","ICES_SAM",0,5000,"all",0.126857142857143,13585.9796302138,5.29063974564457e-155,1.15894723014723e-150,5.29063974564457e-155,2.67241723548061,9.69928177677483e-154,2.29955037323154e-154,0.209591390912905
"mp_0_0.rds","ICES_SAM",0,6000,"long-term",0,17753.4322082758,5.28902167838161e-155,1.537203454175e-150,5.28902167838161e-155,3.42320624910623,1.28975729929799e-153,2.30037455457219e-154,0.189922901849747
"mp_0_0.rds","ICES_SAM",0,6000,"short-term",0.126857142857143,9674.62332979041,5.29180409117114e-155,8.51649558550932e-151,5.29180409117114e-155,1.8880269474278,7.09978177255923e-154,2.29885838297848e-154,0.234005165458734
"mp_0_0.rds","ICES_SAM",0,6000,"all",0.126857142857143,13585.9796302138,5.29063974564457e-155,1.15894723014723e-150,5.29063974564457e-155,2.67241723548061,9.69928177677483e-154,2.29955037323154e-154,0.209591390912905
"mp_0_6200.rds","ICES_SAM",0,6200,"long-term",0,17753.4322082758,5.28902167838161e-155,1.537203454175e-150,5.28902167838161e-155,3.42320624910623,1.28975729929799e-153,2.30037455457219e-154,0.189922901849747
"mp_0_6200.rds","ICES_SAM",0,6200,"short-term",0.126857142857143,9674.62332979041,5.29180409117114e-155,8.51649558550932e-151,5.29180409117114e-155,1.8880269474278,7.09978177255923e-154,2.29885838297848e-154,0.234005165458734
"mp_0_6200.rds","ICES_SAM",0,6200,"all",0.126857142857143,13585.9796302138,5.29063974564457e-155,1.15894723014723e-150,5.29063974564457e-155,2.67241723548061,9.69928177677483e-154,2.29955037323154e-154,0.209591390912905
"mp_0_6500.rds","ICES_SAM",0,6500,"long-term",0,17753.4322082758,5.28902167838161e-155,1.537203454175e-150,5.28902167838161e-155,3.42320624910623,1.28975729929799e-153,2.30037455457219e-154,0.189922901849747
"mp_0_6500.rds","ICES_SAM",0,6500,"short-term",0.126857142857143,9674.62332979041,5.29180409117114e-155,8.51649558550932e-151,5.29180409117114e-155,1.8880269474278,7.09978177255923e-154,2.29885838297848e-154,0.234005165458734
"mp_0_6500.rds","ICES_SAM",0,6500,"all",0.126857142857143,13585.9796302138,5.29063974564457e-155,1.15894723014723e-150,5.29063974564457e-155,2.67241723548061,9.69928177677483e-154,2.29955037323154e-154,0.209591390912905
"mp_0_7000.rds","ICES_SAM",0,7000,"long-term",0,17753.4322082758,5.28902167838161e-155,1.537203454175e-150,5.28902167838161e-155,3.42320624910623,1.28975729929799e-153,2.30037455457219e-154,0.189922901849747
"mp_0_7000.rds","ICES_SAM",0,7000,"short-term",0.126857142857143,9674.62332979041,5.29180409117114e-155,8.51649558550932e-151,5.29180409117114e-155,1.8880269474278,7.09978177255923e-154,2.29885838297848e-154,0.234005165458734
"mp_0_7000.rds","ICES_SAM",0,7000,"all",0.126857142857143,13585.9796302138,5.29063974564457e-155,1.15894723014723e-150,5.29063974564457e-155,2.67241723548061,9.69928177677483e-154,2.29955037323154e-154,0.209591390912905
"mp_0.01_0.rds","ICES_SAM",0.01,0,"long-term",0,16506.3778203872,0.00975901058821001,188.999948085892,0.00975901058821001,3.18026103780166,0.156680657458154,0.0416944478835547,0.0634718355541178
"mp_0.01_0.rds","ICES_SAM",0.01,0,"short-term",0.126857142857143,9356.50028107949,0.00924807432907711,98.9999952205269,0.00924807432907711,1.82691710673181,0.0832012785768839,0.0397729161305353,0.1456307819695
"mp_0.01_0.rds","ICES_SAM",0.01,0,"all",0.126857142857143,12809.3703492786,0.00949629073067717,142.999951103284,0.00949629073067717,2.51597816360184,0.119747628398791,0.0407439247918501,0.0911680056144236
"mp_0.01_1000.rds","ICES_SAM",0.01,1000,"long-term",0,16505.801014964,0.00976037319822345,188.999951887919,0.00976037319822345,3.18031893715079,0.156576241303311,0.0416971729900674,0.0634507373220224
"mp_0.01_1000.rds","ICES_SAM",0.01,1000,"short-term",0.126857142857143,9356.48224267424,0.00924830866237232,99.9999671731013,0.00924830866237232,1.82694466133034,0.0832246529477452,0.0397511048316382,0.14545454638001
"mp_0.01_1000.rds","ICES_SAM",0.01,1000,"all",0.126857142857143,12808.7118889404,0.00949759738950627,142.999955178165,0.00949759738950627,2.51596472111372,0.119747636246845,0.040740608431428,0.0909091034618229
"mp_0.01_2000.rds","ICES_SAM",0.01,2000,"long-term",0,16505.4641210521,0.00975899517107807,188.999947623445,0.00975899517107807,3.18031399291628,0.156576221737137,0.0416994215731554,0.0631070825366439
"mp_0.01_2000.rds","ICES_SAM",0.01,2000,"short-term",0.126857142857143,9356.402665244,0.00924963839400021,99.9999531171978,0.00924963839400021,1.82691468704927,0.0832012761039028,0.0397608063958023,0.145161295002922
"mp_0.01_2000.rds","ICES_SAM",0.01,2000,"all",0.126857142857143,12809.30908542,0.00949684242639123,142.999946784548,0.00949684242639123,2.51595050663604,0.11993070453112,0.0407338234887977,0.0909091155736603
"mp_0.01_3000.rds","ICES_SAM",0.01,3000,"long-term",0,16505.841636662,0.00975706849705708,188.99994561387,0.00975706849705708,3.1804153497762,0.156576241303311,0.0416798633850669,0.0632916555965244
"mp_0.01_3000.rds","ICES_SAM",0.01,3000,"short-term",0.126857142857143,9356.36684642283,0.00924837772686911,99.9999640205798,0.00924837772686911,1.82686309614888,0.0832012831169477,0.039755489938076,0.145454529346149
"mp_0.01_3000.rds","ICES_SAM",0.01,3000,"all",0.126857142857143,12809.0165457027,0.00949445543541614,142.999951768255,0.00949445543541614,2.51576155676826,0.119747650658928,0.0407393085667874,0.0909091315933813
"mp_0.01_4000.rds","ICES_SAM",0.01,4000,"long-term",0,16506.0816860382,0.00975810615900976,188.999947097643,0.00975810615900976,3.18039755920408,0.156680658375406,0.0416918290513477,0.0632911323927662
"mp_0.01_4000.rds","ICES_SAM",0.01,4000,"short-term",0.126857142857143,9357.46959282671,0.0092370683095176,99.9999700472924,0.0092370683095176,1.82703759426756,0.0832012820212274,0.0396775155369073,0.148148117040073
"mp_0.01_4000.rds","ICES_SAM",0.01,4000,"all",0.126857142857143,12809.7038316703,0.00949253712507228,142.99995108051,0.00949253712507228,2.51611475848803,0.11974763805433,0.0406888171583895,0.091603013388564
"mp_0.01_5000.rds","ICES_SAM",0.01,5000,"long-term",0,16512.0118412626,0.00976302372365878,188.999953245003,0.00976302372365878,3.18101273999452,0.156680669279678,0.0417127097780167,0.0632910113072899
"mp_0.01_5000.rds","ICES_SAM",0.01,5000,"short-term",0.126857142857143,9368.35420417592,0.00909708324841828,99.9999816324829,0.00909708324841828,1.82920501627253,0.0832645934418559,0.0387757047796068,0.160377542091413
"mp_0.01_5000.rds","ICES_SAM",0.01,5000,"all",0.126857142857143,12817.2793135207,0.00942652856157077,142.999967816896,0.00942652856157077,2.51725422653572,0.119930726005277,0.0402957625508195,0.0942028442821369
"mp_0.01_6000.rds","ICES_SAM",0.01,6000,"long-term",0,16518.6369394042,0.00975992411243784,188.999961780483,0.00975992411243784,3.18242504937589,0.157010902639066,0.0416999765070336,0.063291027118948
"mp_0.01_6000.rds","ICES_SAM",0.01,6000,"short-term",0.126857142857143,9387.53327478282,0.00888017691302037,99.9999892681334,0.00888017691302037,1.83298444562058,0.0836312013384191,0.0372518351749432,0.172413738324922
"mp_0.01_6000.rds","ICES_SAM",0.01,6000,"all",0.126857142857143,12829.2292742086,0.00933219997927261,142.999976203447,0.00933219997927261,2.51946845465676,0.120064577774623,0.0396127601632277,0.0967740860110808
"mp_0.05_0.rds","ICES_SAM",0.05,0,"long-term",0,12657.8894352301,0.0486779261639891,696.999999926834,0.0486779261639891,2.4273551199687,0.577480279073352,0.208384449577942,0.0684273780086865
"mp_0.05_0.rds","ICES_SAM",0.05,0,"short-term",0.126857142857143,8226.20029839489,0.0458973416107529,421.999999993747,0.0458973416107529,1.61570779014475,0.351913504046711,0.197411205526803,0.134001675041062
"mp_0.05_0.rds","ICES_SAM",0.05,0,"all",0.126857142857143,10351.5084288194,0.0472808137325693,556.99999999964,0.0472808137325693,2.01898901390006,0.466854867312796,0.202936049818788,0.091390728419427
"mp_0.05_1000.rds","ICES_SAM",0.05,1000,"long-term",0,12656.3438780944,0.048672659036636,696.999999944699,0.048672659036636,2.42722752539898,0.577480279074588,0.208347096946425,0.0682327856567976
"mp_0.05_1000.rds","ICES_SAM",0.05,1000,"short-term",0.126857142857143,8227.54296405736,0.0459028589194248,421.999999992721,0.0459028589194248,1.61556064201782,0.351841615288187,0.19739006908379,0.133833690051192
"mp_0.05_1000.rds","ICES_SAM",0.05,1000,"all",0.126857142857143,10350.8315492846,0.0472802080400346,556.999999998949,0.0472802080400346,2.01910333620779,0.46685486737266,0.203004714000014,0.091644204851162
"mp_0.05_2000.rds","ICES_SAM",0.05,2000,"long-term",0,12658.5383519581,0.0486794752691011,696.999999973927,0.0486794752691011,2.42688204955807,0.577480279075717,0.208389974797557,0.0681198909797625
"mp_0.05_2000.rds","ICES_SAM",0.05,2000,"short-term",0.126857142857143,8227.00556295729,0.0458967163278315,420.99999999999,0.0458967163278315,1.61548897300743,0.351860077018308,0.197466856351625,0.134146341472361
"mp_0.05_2000.rds","ICES_SAM",0.05,2000,"all",0.126857142857143,10352.2023561446,0.047286253246693,556.999999999601,0.047286253246693,2.0192877435249,0.466912974342222,0.202955789547232,0.0913348946227861
"mp_0.05_3000.rds","ICES_SAM",0.05,3000,"long-term",0,12657.1949363435,0.0486696836438495,695.999999999994,0.0486696836438495,2.42707160296066,0.577480279075913,0.208407002828091,0.0683156654854621
"mp_0.05_3000.rds","ICES_SAM",0.05,3000,"short-term",0.126857142857143,8226.72753009484,0.0458910282841128,421.999999988837,0.0458910282841128,1.61543730101446,0.351841615265159,0.197437736427589,0.133770141084706
"mp_0.05_3000.rds","ICES_SAM",0.05,3000,"all",0.126857142857143,10352.3893310728,0.0472748511222382,556.999999998322,0.0472748511222382,2.01903300321393,0.46654928826632,0.202987310588813,0.0915087055164973
"mp_0.05_4000.rds","ICES_SAM",0.05,4000,"long-term",0,12657.8137799714,0.0486835764027366,696.999999986296,0.0486835764027366,2.42705756620859,0.577743535312962,0.20847461845985,0.068347996181402
"mp_0.05_4000.rds","ICES_SAM",0.05,4000,"short-term",0.126857142857143,8230.47475469301,0.0458042194845629,421.999999999435,0.0458042194845629,1.61694851049924,0.352244712650428,0.196815036757447,0.136609105921322
"mp_0.05_4000.rds","ICES_SAM",0.05,4000,"all",0.126857142857143,10355.7396535565,0.0472468703935386,556.999999999915,0.0472468703935386,2.01950515865374,0.467009920663254,0.202696460611879,0.0918701306885666
"mp_0.05_5000.rds","ICES_SAM",0.05,5000,"long-term",0,12668.854997872,0.0486746914930601,696.99999999985,0.0486746914930601,2.42994543665504,0.578510511772606,0.208510493623538,0.0685279187798443
"mp_0.05_5000.rds","ICES_SAM",0.05,5000,"short-term",0.126857142857143,8275.00639401428,0.045025374546134,426.999999995639,0.045025374546134,1.6261720143903,0.356132623386322,0.191834012530303,0.150277462676066
"mp_0.05_5000.rds","ICES_SAM",0.05,5000,"all",0.126857142857143,10378.6942469573,0.0468815531203591,559.99999996797,0.0468815531203591,2.02534019574099,0.468722714555811,0.200467698548369,0.0954545454560954
"mp_0.05_6000.rds","ICES_SAM",0.05,6000,"long-term",0,12689.7578395799,0.0486644832341656,698.999999999721,0.0486644832341656,2.4343869481721,0.579665233757312,0.208502019181348,0.069099884984508
"mp_0.05_6000.rds","ICES_SAM",0.05,6000,"short-term",0.126857142857143,8358.976329432,0.0437368926713066,433.999999995639,0.0437368926713066,1.64058634698367,0.360813259637639,0.182973420304351,0.16228409111005
"mp_0.05_6000.rds","ICES_SAM",0.05,6000,"all",0.126857142857143,10426.5566896326,0.0463537420282339,562.999999999987,0.0463537420282339,2.03562894794821,0.471967380364929,0.196606296646172,0.098204225119512
"mp_0.05_6500.rds","ICES_SAM",0.05,6500,"long-term",0,12704.0775229343,0.0486473251786113,699.999999994367,0.0486473251786113,2.4373458879005,0.58049808609604,0.208337091676805,0.069605890178743
"mp_0.05_6500.rds","ICES_SAM",0.05,6500,"short-term",0.126857142857143,8403.81778973266,0.0429620970649238,434.999999999776,0.0429620970649238,1.64836298770871,0.36081325963927,0.177879256511102,0.17006802720969
"mp_0.05_6500.rds","ICES_SAM",0.05,6500,"all",0.126857142857143,10454.8117037691,0.0460576594933772,565.99999998957,0.0460576594933772,2.04187093243321,0.473656726378452,0.194387417245721,0.100253826778869
"mp_0.05_7000.rds","ICES_SAM",0.05,7000,"long-term",0,12721.607064958,0.0485778131462655,700.999999999892,0.0485778131462655,2.44088290423562,0.581631446031981,0.2080427828674,0.0702179176736368
"mp_0.05_7000.rds","ICES_SAM",0.05,7000,"short-term",0.126857142857143,8448.58760638575,0.0420955628061691,432.999999984643,0.0420955628061691,1.65657484963081,0.357555739632178,0.171999683590694,0.177777777777749
"mp_0.05_7000.rds","ICES_SAM",0.05,7000,"all",0.126857142857143,10484.9479098629,0.0457452423605155,567.999999995381,0.0457452423605155,2.04899242110425,0.475413997192352,0.191907374268935,0.1025043372228
"mp_0.1_0.rds","ICES_SAM",0.1,0,"long-term",0.000285714285714286,9465.34304970574,0.0974498658605729,1003.99999260684,0.0974498658605729,1.81507634465088,0.827971743037929,0.41681114312176,0.0768165293858478
"mp_0.1_0.rds","ICES_SAM",0.1,0,"short-term",0.126857142857143,7117.30319232632,0.0915793620217423,695.99999963874,0.0915793620217423,1.40187376115066,0.578211997322258,0.393582768170305,0.121380600048739
"mp_0.1_0.rds","ICES_SAM",0.1,0,"all",0.126857142857143,8241.83944801645,0.0944860122784948,847.999999929051,0.0944860122784948,1.60522396547265,0.705483071639597,0.405075875073789,0.0942883046190323
"mp_0.1_1000.rds","ICES_SAM",0.1,1000,"long-term",0.000285714285714286,9465.40939825112,0.097457969158446,1003.4999859075,0.097457969158446,1.81515962562364,0.827971744530399,0.416740761663085,0.0767789408012979
"mp_0.1_1000.rds","ICES_SAM",0.1,1000,"short-term",0.126857142857143,7115.98579042492,0.0916028669978641,695.999999999911,0.0916028669978641,1.40171514242807,0.578158014571404,0.39348619734491,0.121372166542045
"mp_0.1_1000.rds","ICES_SAM",0.1,1000,"all",0.126857142857143,8241.21372777241,0.0944946835323172,847.999999791572,0.0944946835323172,1.60543335014226,0.705454504168668,0.405190764392347,0.0944700458428559
"mp_0.1_2000.rds","ICES_SAM",0.1,2000,"long-term",0.000285714285714286,9465.90704062802,0.0974479184352353,1002.99999999428,0.0974479184352353,1.81505089352472,0.827956146394939,0.417059778535735,0.0767195766512379
"mp_0.1_2000.rds","ICES_SAM",0.1,2000,"short-term",0.126857142857143,7116.69374798209,0.0916060298933123,695.999999987234,0.0916060298933123,1.40183748858705,0.577659721083102,0.393659206486716,0.121452276372016
"mp_0.1_2000.rds","ICES_SAM",0.1,2000,"all",0.126857142857143,8241.9632596861,0.0944894916805658,847.999999994287,0.0944894916805658,1.60522191427904,0.705798682122663,0.405033346276695,0.094541254835292
"mp_0.1_3000.rds","ICES_SAM",0.1,3000,"long-term",0.000285714285714286,9463.85523633966,0.097439915791841,1002.99999999998,0.097439915791841,1.81556661224221,0.827347404550094,0.416914697126921,0.0766625259572815
"mp_0.1_3000.rds","ICES_SAM",0.1,3000,"short-term",0.126857142857143,7116.39329911776,0.0915597204562326,695.999999954621,0.0915597204562326,1.4019420796729,0.57837559726483,0.39345092672208,0.121564157241407
"mp_0.1_3000.rds","ICES_SAM",0.1,3000,"all",0.126857142857143,8242.42665405537,0.094489781693909,847.999999694126,0.094489781693909,1.60511244322435,0.705425938212256,0.404950419074013,0.0944791756926774
"mp_0.1_3200.rds","ICES_SAM",0.1,3200,"long-term",0.000285714285714286,9464.96531111268,0.0974455253813313,1003,0.0974455253813313,1.81541601813188,0.827855233197461,0.416841373365001,0.0767369363009615
"mp_0.1_3200.rds","ICES_SAM",0.1,3200,"short-term",0.126857142857143,7116.25868903091,0.0915385185963103,695.999999999995,0.0915385185963103,1.40194944259946,0.578078771260312,0.393317166552055,0.12183734477523
"mp_0.1_3200.rds","ICES_SAM",0.1,3200,"all",0.126857142857143,8241.80341391529,0.0944901634206005,847.99999984877,0.0944901634206005,1.6055475196711,0.705614598365965,0.404851437769193,0.0943214629542795
"mp_0.1_3500.rds","ICES_SAM",0.1,3500,"long-term",0.000285714285714286,9463.91360674023,0.097429665233378,1002.99998992075,0.097429665233378,1.81562239275578,0.827956146394658,0.416796455541441,0.0769686879743128
"mp_0.1_3500.rds","ICES_SAM",0.1,3500,"short-term",0.126857142857143,7116.70169924304,0.0914718929721681,695.999999999256,0.0914718929721681,1.40235785618248,0.578211997322228,0.393069204204825,0.122580650454099
"mp_0.1_3500.rds","ICES_SAM",0.1,3500,"all",0.126857142857143,8241.97202049146,0.094442942583975,847.999999989727,0.094442942583975,1.60553087398685,0.705614598367544,0.404835592316271,0.0948225712478015
"mp_0.1_3800.rds","ICES_SAM",0.1,3800,"long-term",0.000285714285714286,9466.47170507692,0.0974048932838867,1002.99999999997,0.0974048932838867,1.81595200315921,0.827971744819365,0.416880447463347,0.0771793581542944
"mp_0.1_3800.rds","ICES_SAM",0.1,3800,"short-term",0.126857142857143,7121.380826929,0.0913321324897459,696.999997594347,0.0913321324897459,1.4032505788476,0.57879421018804,0.392341908435424,0.124579124454626
"mp_0.1_3800.rds","ICES_SAM",0.1,3800,"all",0.126857142857143,8245.03671346376,0.09435831045707,847.999999999315,0.09435831045707,1.60633779223782,0.705798682170336,0.40440406720569,0.0955414012717926
"mp_0.1_4000.rds","ICES_SAM",0.1,4000,"long-term",0.000285714285714286,9467.34292902552,0.0974042416532496,1003.99999999967,0.0974042416532496,1.8164295207896,0.828031774178219,0.41668437972935,0.0772582097736713
"mp_0.1_4000.rds","ICES_SAM",0.1,4000,"short-term",0.126857142857143,7126.16834547244,0.0911367574803804,697.999999947328,0.0911367574803804,1.40467237190173,0.579445100646207,0.391481268461674,0.126068395084689
"mp_0.1_4000.rds","ICES_SAM",0.1,4000,"all",0.126857142857143,8248.32956322614,0.09427095058905,848.999999564425,0.09427095058905,1.60701571733287,0.706258790552177,0.403971069256978,0.0962295137550329
"mp_0.1_4200.rds","ICES_SAM",0.1,4200,"long-term",0.000285714285714286,9468.83314619242,0.0973960434492409,1003.99999984859,0.0973960434492409,1.81679434996883,0.828045740600865,0.416587520460508,0.0773591601299824
"mp_0.1_4200.rds","ICES_SAM",0.1,4200,"short-term",0.126857142857143,7136.93675518334,0.0909014573467098,698.999999999949,0.0909014573467098,1.40658309610092,0.580926607638316,0.389783167756962,0.129460864918902
"mp_0.1_4200.rds","ICES_SAM",0.1,4200,"all",0.126857142857143,8251.96480657405,0.0941813933753123,848.999999999991,0.0941813933753123,1.60833471866745,0.706822171746297,0.403091993081035,0.0972423800973591
"mp_0.1_4500.rds","ICES_SAM",0.1,4500,"long-term",0.000285714285714286,9473.36626254344,0.0973077214548053,1004.99997703569,0.0973077214548053,1.81819140750553,0.828688084675934,0.416500375026385,0.0779569889405815
"mp_0.1_4500.rds","ICES_SAM",0.1,4500,"short-term",0.126857142857143,7154.37020588165,0.0903847118872635,701.999999999665,0.0903847118872635,1.41062044504022,0.58318659925306,0.386383201607415,0.134526480125673
"mp_0.1_4500.rds","ICES_SAM",0.1,4500,"all",0.126857142857143,8263.0103923039,0.0939357179769527,850.999999999877,0.0939357179769527,1.61081722035042,0.708196745347201,0.401461473933394,0.0992757369917927
"mp_0.1_4800.rds","ICES_SAM",0.1,4800,"long-term",0.000285714285714286,9477.20587839262,0.0972401674870136,1005.99998919527,0.0972401674870136,1.81979085527853,0.829520937460202,0.415787527827383,0.0785440613026958
"mp_0.1_4800.rds","ICES_SAM",0.1,4800,"short-term",0.126857142857143,7188.58817464352,0.0895421032040928,708.999997900223,0.0895421032040928,1.4171590443963,0.588224098201729,0.3817274148163,0.140201494412774
"mp_0.1_4800.rds","ICES_SAM",0.1,4800,"all",0.126857142857143,8281.49006611424,0.0934861270980269,853.999999999997,0.0934861270980269,1.61507219662286,0.710882700102795,0.399080203502197,0.101473071008735
"mp_0.1_5000.rds","ICES_SAM",0.1,5000,"long-term",0.000285714285714286,9481.615971904,0.0972052773975184,1005.99999999997,0.0972052773975184,1.82110080875951,0.830457733136473,0.41572363876815,0.0788663744820014
"mp_0.1_5000.rds","ICES_SAM",0.1,5000,"short-term",0.126857142857143,7214.22928366408,0.0889011606399269,712.999999975862,0.0889011606399269,1.42225682778771,0.591740013963179,0.377763073100591,0.142624279463285
"mp_0.1_5000.rds","ICES_SAM",0.1,5000,"all",0.126857142857143,8297.16925052925,0.0932065536119616,856,0.0932065536119616,1.6182155285332,0.7127974728349,0.397222452272062,0.102420856605955
"mp_0.1_5200.rds","ICES_SAM",0.1,5200,"long-term",0.000285714285714286,9489.61768941993,0.097120356980887,1006.99999999775,0.097120356980887,1.8230354163697,0.831063498213304,0.415033225150951,0.0794496888779036
"mp_0.1_5200.rds","ICES_SAM",0.1,5200,"short-term",0.126857142857143,7239.20933134174,0.088292735921768,716.999999999104,0.088292735921768,1.42749646018078,0.594499659202621,0.373519017216225,0.145812376153594
"mp_0.1_5200.rds","ICES_SAM",0.1,5200,"all",0.126857142857143,8311.36671348484,0.0928985416578498,858.999999999884,0.0928985416578498,1.62172189710418,0.71459142116241,0.395373798482291,0.103671706299695
"mp_0.1_5500.rds","ICES_SAM",0.1,5500,"long-term",0.000285714285714286,9500.13705228156,0.0969482539091184,1007.99999999971,0.0969482539091184,1.82589248300576,0.831750665520169,0.414244171484495,0.0805822910063866
"mp_0.1_5500.rds","ICES_SAM",0.1,5500,"short-term",0.126857142857143,7277.74600106215,0.0872956381411247,722.999999999901,0.0872956381411247,1.43571156935206,0.597838940923383,0.366969463137749,0.150208622859714
"mp_0.1_5500.rds","ICES_SAM",0.1,5500,"all",0.126857142857143,8336.34629723544,0.0923723671032085,862.999999998333,0.0923723671032085,1.62779901168911,0.71770832180608,0.391975009637956,0.105499919018522
"mp_0.1_5800.rds","ICES_SAM",0.1,5800,"long-term",0.000285714285714286,9515.06054846531,0.0967603365843273,1009.99999999331,0.0967603365843273,1.82988272222511,0.833385366997151,0.41312151213157,0.0814948609963267
"mp_0.1_5800.rds","ICES_SAM",0.1,5800,"short-term",0.126857142857143,7319.29523445192,0.0861697159450519,726.999999999943,0.0861697159450519,1.44386202264164,0.598738246057043,0.360301920151749,0.154622492603696
"mp_0.1_5800.rds","ICES_SAM",0.1,5800,"all",0.126857142857143,8363.60707102082,0.0918345980989507,866.999999953567,0.0918345980989507,1.63357565210999,0.720731201016627,0.388579021345632,0.107404719475119
"mp_0.1_6000.rds","ICES_SAM",0.1,6000,"long-term",0.000285714285714286,9524.51008249876,0.096591605371588,1010.99999999895,0.096591605371588,1.83191232890752,0.834518052051781,0.412025572138066,0.0824928513449628
"mp_0.1_6000.rds","ICES_SAM",0.1,6000,"short-term",0.126857142857143,7348.61694754083,0.0853344935419249,727.99999986493,0.0853344935419249,1.44935348591873,0.598072599083545,0.355892519730837,0.157894736842134
"mp_0.1_6000.rds","ICES_SAM",0.1,6000,"all",0.126857142857143,8383.75716280809,0.0914386867013154,869.999999974709,0.0914386867013154,1.6376776305891,0.723371775237437,0.385749741751344,0.109035434779514
"mp_0.1_6200.rds","ICES_SAM",0.1,6200,"long-term",0.000285714285714286,9536.39265745598,0.0963930827717128,1012.99998364872,0.0963930827717128,1.83592853279008,0.836183756231781,0.410883164099331,0.0831541071070132
"mp_0.1_6200.rds","ICES_SAM",0.1,6200,"short-term",0.126857142857143,7379.06915746166,0.084531027138076,726.999991898926,0.084531027138076,1.45494441213686,0.596405498816799,0.350778544010691,0.161330818638552
"mp_0.1_6200.rds","ICES_SAM",0.1,6200,"all",0.126857142857143,8403.13376246273,0.0910272369323817,872.999999917453,0.0910272369323817,1.64240403998072,0.725207792327886,0.382966075467458,0.110586376675322
"mp_0.1_6500.rds","ICES_SAM",0.1,6500,"long-term",0.000285714285714286,9555.98824556263,0.0960237565487598,1014,0.0960237565487598,1.84219002990015,0.837968155414549,0.408921921898862,0.0844348158411367
"mp_0.1_6500.rds","ICES_SAM",0.1,6500,"short-term",0.126857142857143,7424.32851027062,0.0832488163181071,719.999999999285,0.0832488163181071,1.46307874762194,0.59096243182325,0.343137540685595,0.166666666677079
"mp_0.1_6500.rds","ICES_SAM",0.1,6500,"all",0.126857142857143,8439.00657449454,0.0903796590973616,876.999999999919,0.0903796590973616,1.64907336406672,0.728044731295701,0.378321983962527,0.113008774574586
"mp_0.1_7000.rds","ICES_SAM",0.1,7000,"long-term",0.000142857142857143,9594.55280793329,0.0953315750162942,1019.99999613028,0.0953315750162942,1.85420837516723,0.841343883200926,0.404868980818983,0.0865200309316888
"mp_0.1_7000.rds","ICES_SAM",0.1,7000,"short-term",0.126857142857143,7501.71284595555,0.080858907568437,698.999999994262,0.080858907568437,1.47625778621949,0.576402257111458,0.330192381025857,0.175509310049474
"mp_0.1_7000.rds","ICES_SAM",0.1,7000,"all",0.126857142857143,8503.82527065859,0.0891604576921491,882.999999995501,0.0891604576921491,1.66225436013262,0.730927218307736,0.370137306026549,0.116848982693198
"mp_0.15_0.rds","ICES_SAM",0.15,0,"long-term",0.00971428571428571,7346.18337154438,0.146829728498314,1131.99997659198,0.146829728498314,1.42074485427447,0.928981338777948,0.626414979897751,0.0869565217370676
"mp_0.15_0.rds","ICES_SAM",0.15,0,"short-term",0.126857142857143,6248.66547883705,0.138068481894966,877.999995616286,0.138068481894966,1.22888157113026,0.727798912463618,0.592466206508099,0.11420688920374
"mp_0.15_0.rds","ICES_SAM",0.15,0,"all",0.126857142857143,6765.02040826755,0.142454494577957,999.999999999997,0.142454494577957,1.3228430721188,0.827274072594686,0.608687390287888,0.0986406714191713
"mp_0.15_1000.rds","ICES_SAM",0.15,1000,"long-term",0.00971428571428571,7346.69535140768,0.1468309695434,1131.99998923892,0.1468309695434,1.42083942741473,0.92863036730421,0.626557922565067,0.0868752825433623
"mp_0.15_1000.rds","ICES_SAM",0.15,1000,"short-term",0.126857142857143,6249.23648292966,0.138003087184568,877,0.138003087184568,1.22858004403357,0.727816889718883,0.59242214642832,0.114483895950989
"mp_0.15_1000.rds","ICES_SAM",0.15,1000,"all",0.126857142857143,6765.16326423803,0.142452243409669,999.999999999905,0.142452243409669,1.32271497714508,0.82735039916102,0.608697358780484,0.0987124464217651
"mp_0.15_2000.rds","ICES_SAM",0.15,2000,"long-term",0.00971428571428571,7349.02485687123,0.146833707334004,1130.99999999999,0.146833707334004,1.42093143359573,0.929301595031954,0.626343230984897,0.0868992626088806
"mp_0.15_2000.rds","ICES_SAM",0.15,2000,"short-term",0.126857142857143,6247.18029224627,0.138003027963326,876.999999999989,0.138003027963326,1.22851461724322,0.727816889719008,0.592341903180702,0.114503816892657
"mp_0.15_2000.rds","ICES_SAM",0.15,2000,"all",0.126857142857143,6765.53102030511,0.142437879348477,999.999999999992,0.142437879348477,1.32277516961352,0.82734740419827,0.608836542657427,0.098721159858108
"mp_0.15_3000.rds","ICES_SAM",0.15,3000,"long-term",0.00942857142857143,7349.14901079393,0.146698536928708,1131.99999997919,0.146698536928708,1.42118199308645,0.929210657886858,0.62622980248775,0.0876265377717598
"mp_0.15_3000.rds","ICES_SAM",0.15,3000,"short-term",0.126857142857143,6248.87568272902,0.137884808959035,876.999999999967,0.137884808959035,1.22900666315592,0.727893747114028,0.591612001221833,0.11515849685117
"mp_0.15_3000.rds","ICES_SAM",0.15,3000,"all",0.126857142857143,6765.82544198375,0.142311767967118,1000.99999992367,0.142311767967118,1.32305697002999,0.827956146400415,0.60806016559784,0.0994345715212836
"mp_0.15_3300.rds","ICES_SAM",0.15,3300,"long-term",0.00914285714285714,7350.80173957281,0.146583588960626,1132,0.146583588960626,1.42229008192684,0.929210665827395,0.625237594475906,0.0879079541203019
"mp_0.15_3300.rds","ICES_SAM",0.15,3300,"short-term",0.126857142857143,6250.4462064717,0.137674257517562,877.999999987906,0.137674257517562,1.22939996481675,0.727912951589803,0.590476163963423,0.116613418532571
"mp_0.15_3300.rds","ICES_SAM",0.15,3300,"all",0.126857142857143,6766.94984712226,0.142148459172225,1000.99999998514,0.142148459172225,1.32386303388939,0.827971744583444,0.607246303143467,0.100153500912007
"mp_0.15_3500.rds","ICES_SAM",0.15,3500,"long-term",0.009,7350.98339209436,0.146480633794729,1132.9999896898,0.146480633794729,1.4232647906161,0.929340356094179,0.62465683192323,0.0883620703598603
"mp_0.15_3500.rds","ICES_SAM",0.15,3500,"short-term",0.126857142857143,6253.77935465649,0.137416073207572,878.999989144743,0.137416073207572,1.23018735520225,0.728594471792874,0.589400391330504,0.117748940678928
"mp_0.15_3500.rds","ICES_SAM",0.15,3500,"all",0.126857142857143,6769.36859356711,0.141968793893573,1000.99999999999,0.141968793893573,1.32451464571543,0.828045740600858,0.60637556367124,0.100731263981466
"mp_0.15_3700.rds","ICES_SAM",0.15,3700,"long-term",0.00885714285714286,7355.20864764778,0.146324685240627,1132,0.146324685240627,1.42411572050238,0.930235674356397,0.623799062122667,0.0889356231198937
"mp_0.15_3700.rds","ICES_SAM",0.15,3700,"short-term",0.126857142857143,6256.53764867826,0.137161507568284,879.999999726314,0.137161507568284,1.23147221134345,0.729325302568118,0.587764860782683,0.120000000000401
"mp_0.15_3700.rds","ICES_SAM",0.15,3700,"all",0.126857142857143,6772.07874021112,0.1417736351422,1001.99999999996,0.1417736351422,1.32557749514701,0.828902568837041,0.605163693516211,0.102071584934032
"mp_0.15_4000.rds","ICES_SAM",0.15,4000,"long-term",0.00871428571428571,7362.98192128223,0.146039723967773,1133.99998120831,0.146039723967773,1.42616834960002,0.93085051652175,0.621896624000628,0.0902733148573419
"mp_0.15_4000.rds","ICES_SAM",0.15,4000,"short-term",0.126857142857143,6268.52011449897,0.136538238963539,881.999999999999,0.136538238963539,1.23437044735486,0.7316069086201,0.584015773831364,0.123960881451925
"mp_0.15_4000.rds","ICES_SAM",0.15,4000,"all",0.126857142857143,6780.25222769241,0.141280067042412,1003.99998841269,0.141280067042412,1.32873932447391,0.830445148024403,0.602496548634343,0.104136947219489
"mp_0.15_4300.rds","ICES_SAM",0.15,4300,"long-term",0.00871428571428571,7367.07622558791,0.145638336237551,1134.99999999997,0.145638336237551,1.42938333884331,0.932026310880665,0.61982779149067,0.0915649313657121
"mp_0.15_4300.rds","ICES_SAM",0.15,4300,"short-term",0.126857142857143,6288.67736207745,0.13550434024815,886.999999602576,0.13550434024815,1.24058072365792,0.735219122280055,0.577336642251023,0.129629626974037
"mp_0.15_4300.rds","ICES_SAM",0.15,4300,"all",0.126857142857143,6797.31550514581,0.14058782850095,1006.99999999999,0.14058782850095,1.33289671472464,0.833192655885552,0.597968550760097,0.107405162356533
"mp_0.15_4500.rds","ICES_SAM",0.15,4500,"long-term",0.00857142857142857,7378.69803485963,0.145296571806752,1135.99999999994,0.145296571806752,1.43198540619873,0.933627481388328,0.617719281499099,0.0928487683463087
"mp_0.15_4500.rds","ICES_SAM",0.15,4500,"short-term",0.126857142857143,6307.14633329644,0.134602376397003,890.999999999448,0.134602376397003,1.24492658092112,0.737907168747934,0.571893914475485,0.13483144869302
"mp_0.15_4500.rds","ICES_SAM",0.15,4500,"all",0.126857142857143,6810.49165257178,0.140023502304368,1009.99999999961,0.140023502304368,1.33657479605037,0.835484060200432,0.59477939848371,0.109821302425292
"mp_0.15_4700.rds","ICES_SAM",0.15,4700,"long-term",0.00857142857142857,7389.1006786888,0.144874533541752,1137.99999999994,0.144874533541752,1.43502785379532,0.935293186080416,0.614816001208821,0.0939644381556439
"mp_0.15_4700.rds","ICES_SAM",0.15,4700,"short-term",0.126857142857143,6339.5268359109,0.133475947885019,897.999996256006,0.133475947885019,1.25210240452191,0.741864917295554,0.564908475495751,0.140030207628169
"mp_0.15_4700.rds","ICES_SAM",0.15,4700,"all",0.126857142857143,6830.99696443036,0.139209071371809,1014,0.139209071371809,1.34149510977749,0.839260797224939,0.590341173846439,0.11247443704875
"mp_0.15_5000.rds","ICES_SAM",0.15,5000,"long-term",0.00857142857142857,7411.17155312753,0.144139681296378,1140.9999999381,0.144139681296378,1.44131262577117,0.937419839497444,0.610448102294508,0.0959190977752077
"mp_0.15_5000.rds","ICES_SAM",0.15,5000,"short-term",0.126857142857143,6388.1743968921,0.13137039314727,906,0.13137039314727,1.26257392281242,0.746349436926122,0.554055092968096,0.145814772683187
"mp_0.15_5000.rds","ICES_SAM",0.15,5000,"all",0.126857142857143,6867.56888998454,0.137925498734036,1021.99999999938,0.137925498734036,1.34970606510429,0.845148678402154,0.582872799766212,0.115552407839659
"mp_0.15_5300.rds","ICES_SAM",0.15,5300,"long-term",0.00828571428571429,7437.97445345143,0.143286795593489,1144.999999952,0.143286795593489,1.44776534218145,0.941130994114082,0.606247584694951,0.098126181718986
"mp_0.15_5300.rds","ICES_SAM",0.15,5300,"short-term",0.126857142857143,6442.53649005922,0.129273193107844,911.999999998822,0.129273193107844,1.27362603897516,0.746967787807817,0.5423777695095,0.150579150582296
"mp_0.15_5300.rds","ICES_SAM",0.15,5300,"all",0.126857142857143,6910.69810276578,0.136513744764888,1029.99999999822,0.136513744764888,1.35865814399684,0.850475873529096,0.575154448888917,0.118683451094135
"mp_0.15_5500.rds","ICES_SAM",0.15,5500,"long-term",0.00814285714285714,7455.61361387912,0.142722567003005,1147.99999970775,0.142722567003005,1.4528844118226,0.943984726468958,0.602761343766753,0.099310803016872
"mp_0.15_5500.rds","ICES_SAM",0.15,5500,"short-term",0.126857142857143,6479.48397062618,0.127823854655848,910.99999999998,0.127823854655848,1.28142413132034,0.744569998527403,0.534227678195962,0.153712543547773
"mp_0.15_5500.rds","ICES_SAM",0.15,5500,"all",0.126857142857143,6940.32962449672,0.135533438479059,1035.99998050691,0.135533438479059,1.36511985592584,0.853007615408073,0.569634974253986,0.120946526056864
"mp_0.15_5700.rds","ICES_SAM",0.15,5700,"long-term",0.00785714285714286,7480.13397848619,0.141987324515119,1150.99999999995,0.141987324515119,1.45865641758473,0.946738527345823,0.599056922279848,0.100871252041926
"mp_0.15_5700.rds","ICES_SAM",0.15,5700,"short-term",0.126857142857143,6518.36574809798,0.126253067989218,906.999999942182,0.126253067989218,1.28868279816405,0.741035786220479,0.526018422119834,0.157239743121467
"mp_0.15_5700.rds","ICES_SAM",0.15,5700,"all",0.126857142857143,6971.31671491268,0.134515065896958,1039.99999999942,0.134515065896958,1.37181129528241,0.85533936073082,0.563760170821839,0.123238350190354
"mp_0.15_6000.rds","ICES_SAM",0.15,6000,"long-term",0.00757142857142857,7514.40793140597,0.1408359888251,1156.99999998585,0.1408359888251,1.46794188357105,0.950284528335224,0.593119569201901,0.10304509088835
"mp_0.15_6000.rds","ICES_SAM",0.15,6000,"short-term",0.126857142857143,6574.04045956469,0.123718246076468,892.999995738024,0.123718246076468,1.29976699230483,0.731135045127361,0.513057352239704,0.162967791564363
"mp_0.15_6000.rds","ICES_SAM",0.15,6000,"all",0.126857142857143,7021.1952788569,0.132810845133098,1044.99999999466,0.132810845133098,1.38224046915998,0.856007119666354,0.554088899105836,0.126692841783398
"mp_0.15_6200.rds","ICES_SAM",0.15,6200,"long-term",0.00757142857142857,7540.32107783609,0.140028894139086,1160.99999999996,0.140028894139086,1.47508050459633,0.952538129932589,0.5885333374569,0.105153179813014
"mp_0.15_6200.rds","ICES_SAM",0.15,6200,"short-term",0.126857142857143,6613.17530847685,0.121989641482091,881.99999936242,0.121989641482091,1.3064582429125,0.724554672324059,0.504498918425245,0.166856491329915
"mp_0.15_6200.rds","ICES_SAM",0.15,6200,"all",0.126857142857143,7055.30416917129,0.131639478038841,1045.99999988291,0.131639478038841,1.3895906103777,0.855179180920874,0.547409844575646,0.129088282373942
"mp_0.15_6500.rds","ICES_SAM",0.15,6500,"long-term",0.00671428571428571,7582.55760664579,0.138694442484103,1165.99999999998,0.138694442484103,1.48639215143794,0.953992947971689,0.581190007425544,0.107501157328019
"mp_0.15_6500.rds","ICES_SAM",0.15,6500,"short-term",0.126857142857143,6669.50325033653,0.119344181547469,862.999999999962,0.119344181547469,1.31817522400206,0.713572749145477,0.491623595004616,0.172656964969113
"mp_0.15_6500.rds","ICES_SAM",0.15,6500,"all",0.126857142857143,7110.51375424943,0.12976303610486,1042.99999727641,0.12976303610486,1.40127619876059,0.850514109436478,0.536892826107008,0.132382892088353
"mp_0.15_7000.rds","ICES_SAM",0.15,7000,"long-term",0.00614285714285714,7672.27237324955,0.136135928502837,1171,0.136135928502837,1.5060364110017,0.954093294151305,0.568091808262169,0.111731843575401
"mp_0.15_7000.rds","ICES_SAM",0.15,7000,"short-term",0.126857142857143,6766.42751865329,0.114512449729052,835.999986583858,0.114512449729052,1.33672212743077,0.693062595030627,0.471166470303757,0.181034482770193
"mp_0.15_7000.rds","ICES_SAM",0.15,7000,"all",0.126857142857143,7207.5647384851,0.126422936246411,1024.99999953127,0.126422936246411,1.42049565384292,0.837016609094769,0.519126117657253,0.138709677479604
"mp_0.18_0.rds","ICES_SAM",0.18,0,"long-term",0.0311428571428571,6411.8094208873,0.176893944415925,1163.99999214571,0.176893944415925,1.24633268903564,0.953064572141474,0.753572284109478,0.0931724458387576
"mp_0.18_0.rds","ICES_SAM",0.18,0,"short-term",0.126857142857143,5794.65451739215,0.166863972378178,960.999973133899,0.166863972378178,1.14057845589964,0.795466536378391,0.715207821206172,0.113138678145608
"mp_0.18_0.rds","ICES_SAM",0.18,0,"all",0.126857142857143,6084.44139984005,0.171790067494317,1055.99999999995,0.171790067494317,1.19207161629804,0.871163549842227,0.733700834949771,0.102189776057584
"mp_0.18_1000.rds","ICES_SAM",0.18,1000,"long-term",0.0312857142857143,6411.04093919419,0.176926704374073,1163.99999999574,0.176926704374073,1.24655049195212,0.952828220939307,0.753629872772538,0.0932348665431812
"mp_0.18_1000.rds","ICES_SAM",0.18,1000,"short-term",0.126857142857143,5795.14435546304,0.166851340655004,959.999999999999,0.166851340655004,1.14070510233818,0.795335130080519,0.715009469180353,0.11302035123784
"mp_0.18_1000.rds","ICES_SAM",0.18,1000,"all",0.126857142857143,6083.91934969535,0.171762742961311,1056,0.171762742961311,1.19211141412613,0.871163555336331,0.733622257292522,0.102091020917437
"mp_0.18_2000.rds","ICES_SAM",0.18,2000,"long-term",0.0311428571428571,6411.51397677621,0.176889838191753,1163.9999990675,0.176889838191753,1.24615975418428,0.952828220939486,0.754025645080385,0.0934497816594592
"mp_0.18_2000.rds","ICES_SAM",0.18,2000,"short-term",0.126857142857143,5796.16314728059,0.166847786632353,959.999999999937,0.166847786632353,1.14048951212792,0.795373991724997,0.714726970512882,0.113314544069642
"mp_0.18_2000.rds","ICES_SAM",0.18,2000,"all",0.126857142857143,6084.47598964791,0.171800368229676,1056,0.171800368229676,1.19208837818552,0.871163555336448,0.733415000314951,0.102285092521186
"mp_0.18_3000.rds","ICES_SAM",0.18,3000,"long-term",0.0304285714285714,6414.92141142658,0.176422691822728,1164,0.176422691822728,1.24792809921381,0.95373309063286,0.750899694141834,0.0950000077052807
"mp_0.18_3000.rds","ICES_SAM",0.18,3000,"short-term",0.126857142857143,5796.31884234668,0.166476707504422,960.99999996848,0.166476707504422,1.14096839208678,0.795937935035805,0.713051779523764,0.11475409800604
"mp_0.18_3000.rds","ICES_SAM",0.18,3000,"all",0.126857142857143,6086.43256839029,0.171338181284642,1056.99999999721,0.171338181284642,1.19330978695348,0.871669586877501,0.731205078762491,0.103794639339773
"mp_0.18_3500.rds","ICES_SAM",0.18,3500,"long-term",0.0295714285714286,6423.22250223746,0.175675246824313,1165.9999997437,0.175675246824313,1.2510589382313,0.955149826694254,0.746399334176415,0.0968509011908301
"mp_0.18_3500.rds","ICES_SAM",0.18,3500,"short-term",0.126857142857143,5802.36592257005,0.165561896458257,961.999999999989,0.165561896458257,1.14292829352321,0.797394598585465,0.708136554416231,0.118027557722244
"mp_0.18_3500.rds","ICES_SAM",0.18,3500,"all",0.126857142857143,6095.26585609149,0.170516807953164,1058,0.170516807953164,1.19588675212473,0.873662106085242,0.72674074884689,0.106449650746544
"mp_0.18_4000.rds","ICES_SAM",0.18,4000,"long-term",0.0288571428571429,6443.12625289003,0.174469179167705,1168.99999999999,0.174469179167705,1.2574399370098,0.958145093084854,0.739502590967503,0.10007615920216
"mp_0.18_4000.rds","ICES_SAM",0.18,4000,"short-term",0.126857142857143,5823.5396512749,0.16380635727739,967.999986154225,0.16380635727739,1.14835580947795,0.801687193697089,0.698584341360471,0.125417132099591
"mp_0.18_4000.rds","ICES_SAM",0.18,4000,"all",0.126857142857143,6115.2536748544,0.169078320385357,1063,0.169078320385357,1.20267948763988,0.878513539689407,0.718231969702198,0.111111108904001
"mp_0.18_4500.rds","ICES_SAM",0.18,4500,"long-term",0.0282857142857143,6479.88370489333,0.172585177243323,1175.99997393595,0.172585177243323,1.2674815072374,0.963828985200924,0.729024006225793,0.104119426405816
"mp_0.18_4500.rds","ICES_SAM",0.18,4500,"short-term",0.126857142857143,5874.09528225703,0.160903834196828,977.999999993567,0.160903834196828,1.16093054081256,0.806550196544641,0.680415933358703,0.136771295854029
"mp_0.18_4500.rds","ICES_SAM",0.18,4500,"all",0.126857142857143,6156.5919719995,0.166666044662969,1072.99999600286,0.166666044662969,1.21398440179805,0.885990239294127,0.704313300800249,0.11860067731081
"mp_0.18_5500.rds","ICES_SAM",0.18,5500,"long-term",0.026,6600.7840219535,0.167362794763224,1196.99999999853,0.167362794763224,1.29984770989735,0.979434360492176,0.701247376867791,0.113905514142149
"mp_0.18_5500.rds","ICES_SAM",0.18,5500,"short-term",0.126857142857143,6077.53867021241,0.150616186866671,973.999999979419,0.150616186866671,1.20442205637719,0.794688954368815,0.627716152342918,0.159541106683954
"mp_0.18_5500.rds","ICES_SAM",0.18,5500,"all",0.126857142857143,6325.63870926616,0.159128359092939,1100,0.159128359092939,1.25134606653655,0.8965522051176,0.664847756888255,0.132938813312657
"mp_0.18_6000.rds","ICES_SAM",0.18,6000,"long-term",0.0242857142857143,6689.92410160296,0.164042461595561,1205.99999999943,0.164042461595561,1.3201708198755,0.980373496873412,0.683879790672959,0.119062925663523
"mp_0.18_6000.rds","ICES_SAM",0.18,6000,"short-term",0.126857142857143,6183.41723643402,0.14470491907191,941.9999831501,0.14470491907191,1.2255264801824,0.776030276250303,0.600387365277938,0.168870798819534
"mp_0.18_6000.rds","ICES_SAM",0.18,6000,"all",0.126857142857143,6425.9719278578,0.154660207674751,1092.99999999996,0.154660207674751,1.27196985045376,0.887820601673683,0.640935474785778,0.139976784617306
"mp_0.19_0.rds","ICES_SAM",0.19,0,"long-term",0.0417142857142857,6141.8550950091,0.186906947822326,1168.99999999707,0.186906947822326,1.19597418513717,0.95720362312424,0.796208486994572,0.0953949357208482
"mp_0.19_0.rds","ICES_SAM",0.19,0,"short-term",0.126857142857143,5658.62742549019,0.176731038910298,984.999999999282,0.176731038910298,1.1127842242809,0.816044458330008,0.757251732266083,0.109053885442666
"mp_0.19_0.rds","ICES_SAM",0.19,0,"all",0.126857142857143,5882.17920666054,0.181744389850602,1070.99999999978,0.181744389850602,1.15380021235387,0.883333319146377,0.775961413270331,0.102184093643932
"mp_0.19_1000.rds","ICES_SAM",0.19,1000,"long-term",0.0417142857142857,6142.82811710885,0.186936046610524,1168.99999999759,0.186936046610524,1.195913973532,0.957095212098968,0.796082340947528,0.0954169871416519
"mp_0.19_1000.rds","ICES_SAM",0.19,1000,"short-term",0.126857142857143,5657.61450194771,0.176634075303434,984.999999999415,0.176634075303434,1.11264060840491,0.81589608526474,0.757075212918158,0.109317954548738
"mp_0.19_1000.rds","ICES_SAM",0.19,1000,"all",0.126857142857143,5882.69518315963,0.181726496356864,1070.9999999999,0.181726496356864,1.15338547886563,0.883186484024924,0.775733467510968,0.102396518936824
"mp_0.19_2000.rds","ICES_SAM",0.19,2000,"long-term",0.0417142857142857,6141.71283867905,0.186883223196527,1168.99999999995,0.186883223196527,1.19611569275531,0.957019004938239,0.796116241595487,0.0953593483617604
"mp_0.19_2000.rds","ICES_SAM",0.19,2000,"short-term",0.126857142857143,5657.97334708346,0.176734950149966,984.999999997075,0.176734950149966,1.1127337140846,0.815611297618908,0.75680845788929,0.109300427795786
"mp_0.19_2000.rds","ICES_SAM",0.19,2000,"all",0.126857142857143,5881.82273095612,0.181718769595827,1070.99999999994,0.181718769595827,1.1536944569997,0.88318648404946,0.775513578288395,0.102331606228251
"mp_0.19_3000.rds","ICES_SAM",0.19,3000,"long-term",0.0401428571428571,6147.0131637622,0.186203880966683,1169.99999999997,0.186203880966683,1.1980098924012,0.957990540482527,0.79163623796553,0.097369399643233
"mp_0.19_3000.rds","ICES_SAM",0.19,3000,"short-term",0.126857142857143,5658.96120422522,0.17611905229744,984.999999999618,0.17611905229744,1.11371009815688,0.816192835030551,0.753876701048461,0.111193020640394
"mp_0.19_3000.rds","ICES_SAM",0.19,3000,"all",0.126857142857143,5885.84643869333,0.181045734193365,1071.99999999999,0.181045734193365,1.15486629335752,0.884110900874516,0.772051956653213,0.104026842678415
"mp_0.19_5000.rds","ICES_SAM",0.19,5000,"long-term",0.0351428571428571,6284.43961436521,0.178534162616333,1196.99999999902,0.178534162616333,1.23783147458983,0.980704396915758,0.748931482696287,0.113761976579574
"mp_0.19_5000.rds","ICES_SAM",0.19,5000,"short-term",0.126857142857143,5844.37156943611,0.164141142627897,1011.99999996816,0.164141142627897,1.15717107886881,0.822941527895732,0.687467598135624,0.15175525162539
"mp_0.19_5000.rds","ICES_SAM",0.19,5000,"all",0.126857142857143,6054.1602817559,0.171223526122161,1106.99999999999,0.171223526122161,1.19761578579188,0.9069573995406,0.717946623371475,0.130044843049327
"mp_0.19_5100.rds","ICES_SAM",0.19,5100,"long-term",0.035,6300.2516471091,0.177784324837667,1198.99999999967,0.177784324837667,1.24101537002854,0.982045684239602,0.74567189097718,0.114809053570647
"mp_0.19_5100.rds","ICES_SAM",0.19,5100,"short-term",0.126857142857143,5866.7587413167,0.162933191229943,1009,0.162933191229943,1.16156242723431,0.82056902962479,0.68184653320542,0.153846143395389
"mp_0.19_5100.rds","ICES_SAM",0.19,5100,"all",0.126857142857143,6073.38857917839,0.170269739677197,1109.99999999997,0.170269739677197,1.20154478250384,0.907809053770477,0.713483818523622,0.131455399585795
"mp_0.19_5200.rds","ICES_SAM",0.19,5200,"long-term",0.0344285714285714,6315.95675700183,0.177160442462578,1200.99999999997,0.177160442462578,1.24519630449718,0.983593804520723,0.742157447240934,0.115976562289083
"mp_0.19_5200.rds","ICES_SAM",0.19,5200,"short-term",0.126857142857143,5888.1129114477,0.161559465309838,1005.99999765591,0.161559465309838,1.16616286902974,0.818095392938287,0.675195187438117,0.155534592510425
"mp_0.19_5200.rds","ICES_SAM",0.19,5200,"all",0.126857142857143,6091.79191745282,0.16940296327263,1111.99999999998,0.16940296327263,1.20569121505235,0.907739000428447,0.708863936325659,0.13305841359285
"mp_0.19_5300.rds","ICES_SAM",0.19,5300,"long-term",0.0341428571428571,6330.52731355766,0.176328728551342,1203.99999365132,0.176328728551342,1.2488623704611,0.984529779560959,0.738389741610916,0.117263829250915
"mp_0.19_5300.rds","ICES_SAM",0.19,5300,"short-term",0.126857142857143,5909.33809142589,0.160464390942202,1000.49998898019,0.160464390942202,1.17053618845917,0.813955234060727,0.669796594755428,0.15775400625124
"mp_0.19_5300.rds","ICES_SAM",0.19,5300,"all",0.126857142857143,6110.62963190839,0.168472630468843,1113.99999667216,0.168472630468843,1.20975670829431,0.907522824526717,0.7041208790217,0.134437086330818
"mp_0.19_5400.rds","ICES_SAM",0.19,5400,"long-term",0.0341428571428571,6347.35627682534,0.175750653344841,1206.99999710717,0.175750653344841,1.25315195291349,0.985651203462484,0.734943734002625,0.118118959589959
"mp_0.19_5400.rds","ICES_SAM",0.19,5400,"short-term",0.126857142857143,5929.79308968881,0.159226055300372,994.999999999341,0.159226055300372,1.17540528365494,0.810657922042766,0.663716802795312,0.159584514573868
"mp_0.19_5400.rds","ICES_SAM",0.19,5400,"all",0.126857142857143,6131.01620824448,0.167496816535975,1113.99999999978,0.167496816535975,1.21409478107249,0.906660783558816,0.699251437306339,0.135690473110356
"mp_0.19_5500.rds","ICES_SAM",0.19,5500,"long-term",0.0335714285714286,6365.82874222198,0.174972070226263,1208.99999999957,0.174972070226263,1.25711023355976,0.985991257767646,0.731200082901732,0.119411347013783
"mp_0.19_5500.rds","ICES_SAM",0.19,5500,"short-term",0.126857142857143,5954.95521348612,0.158016143584054,987.999999999997,0.158016143584054,1.18004840348076,0.8071302687246,0.657598300043982,0.161487575655217
"mp_0.19_5500.rds","ICES_SAM",0.19,5500,"all",0.126857142857143,6151.66635799139,0.166539624740674,1113.99999999727,0.166539624740674,1.21807883652842,0.905310501578163,0.694260125240195,0.137380191700494
"mp_0.19_5600.rds","ICES_SAM",0.19,5600,"long-term",0.033,6384.48449614976,0.174161716948951,1210.99999999455,0.174161716948951,1.26121276343257,0.986185843107583,0.726987196443053,0.12050430940602
"mp_0.19_5600.rds","ICES_SAM",0.19,5600,"short-term",0.126857142857143,5977.53165771296,0.156696686806885,980.999999999622,0.156696686806885,1.18497673686841,0.8028118410566,0.651926689068397,0.163448674345347
"mp_0.19_5600.rds","ICES_SAM",0.19,5600,"all",0.126857142857143,6170.25931778519,0.165587950016437,1112.99999992117,0.165587950016437,1.22222810706746,0.903410544675899,0.689184969473952,0.138690363447327
"mp_0.19_5800.rds","ICES_SAM",0.19,5800,"long-term",0.0317142857142857,6423.5307089767,0.172686281358813,1214,0.172686281358813,1.27005168256117,0.98540354472895,0.719366679625772,0.122630286176241
"mp_0.19_5800.rds","ICES_SAM",0.19,5800,"short-term",0.126857142857143,6020.51540539483,0.154083060151072,967.999999148074,0.154083060151072,1.19441616210094,0.795335129699441,0.639705190596556,0.16722802079189
"mp_0.19_5800.rds","ICES_SAM",0.19,5800,"all",0.126857142857143,6211.23905884728,0.163564819855133,1107,0.163564819855133,1.23144370573792,0.89841447374861,0.678319465513239,0.141567862410927
"mp_0.19_6000.rds","ICES_SAM",0.19,6000,"long-term",0.0308571428571429,6462.11711803507,0.171045982243672,1214.99999999962,0.171045982243672,1.27930122647697,0.983593804498536,0.711068128108481,0.124829900794981
"mp_0.19_6000.rds","ICES_SAM",0.19,6000,"short-term",0.126857142857143,6067.56376308069,0.151445186745752,954.99999995681,0.151445186745752,1.20352075652505,0.787160590934448,0.627680985900653,0.170545547980045
"mp_0.19_6000.rds","ICES_SAM",0.19,6000,"all",0.126857142857143,6254.73992647625,0.161419474306562,1097.9999999213,0.161419474306562,1.24042823441054,0.891661879161885,0.667949887617354,0.144329908561931
"mp_0.2_0.rds","ICES_SAM",0.2,0,"long-term",0.0538571428571429,5890.25904200809,0.196988710130182,1171.99999999874,0.196988710130182,1.1483806345284,0.960067181782335,0.838523762972666,0.0975405768050914
"mp_0.2_0.rds","ICES_SAM",0.2,0,"short-term",0.126857142857143,5520.61223788037,0.186660118878299,1008.99999324774,0.186660118878299,1.08609935045819,0.841129980047187,0.79920117000551,0.109396983431493
"mp_0.2_0.rds","ICES_SAM",0.2,0,"all",0.126857142857143,5691.64948115315,0.191777051665987,1084,0.191777051665987,1.11683012901237,0.894135282438369,0.818232125474164,0.103201684297743
"mp_0.2_1000.rds","ICES_SAM",0.2,1000,"long-term",0.0534285714285714,5888.52355551257,0.197004783991041,1171.99999999929,0.197004783991041,1.14884287055138,0.960298819932596,0.838484261895891,0.0977739661991167
"mp_0.2_1000.rds","ICES_SAM",0.2,1000,"short-term",0.126857142857143,5520.57560257089,0.186595760881809,1008.99998098949,0.186595760881809,1.08612911029705,0.8411299848041,0.7987731056052,0.109375000005056
"mp_0.2_1000.rds","ICES_SAM",0.2,1000,"all",0.126857142857143,5691.38998550801,0.191765167365009,1084.99997303684,0.191765167365009,1.1169182446207,0.894337923090738,0.818502158451469,0.103141215435452
"mp_0.2_2000.rds","ICES_SAM",0.2,2000,"long-term",0.0531428571428571,5888.59573065161,0.196939473453875,1171.99999999843,0.196939473453875,1.14906696928113,0.960516858109211,0.838364635968687,0.0980000000000512
"mp_0.2_2000.rds","ICES_SAM",0.2,2000,"short-term",0.126857142857143,5521.60289462422,0.186620252634438,1008.99998030029,0.186620252634438,1.08604596190239,0.841129984785554,0.798710851344203,0.109375000000053
"mp_0.2_2000.rds","ICES_SAM",0.2,2000,"all",0.126857142857143,5692.04716772187,0.191673689365833,1084.99999994837,0.191673689365833,1.11699213585174,0.894011664091282,0.818014318365568,0.103171674297882
"mp_0.2_3000.rds","ICES_SAM",0.2,3000,"long-term",0.0505714285714286,5896.39753045828,0.195932683338343,1173.99999997303,0.195932683338343,1.15184895566627,0.96109153385983,0.832361142875116,0.100688199165103
"mp_0.2_3000.rds","ICES_SAM",0.2,3000,"short-term",0.126857142857143,5522.47361101489,0.185960173769368,1008.99999999167,0.185960173769368,1.08734097850839,0.84112998480901,0.795097691151356,0.111961722101949
"mp_0.2_3000.rds","ICES_SAM",0.2,3000,"all",0.126857142857143,5697.04843510797,0.190803140305154,1085.99998385428,0.190803140305154,1.11885130008846,0.895318262053783,0.812889197072244,0.105913824246545
"mp_0.2_3100.rds","ICES_SAM",0.2,3100,"long-term",0.0502857142857143,5900.23027320063,0.19571361723785,1173.9999978056,0.19571361723785,1.15244620783191,0.961869116006728,0.831694717621252,0.101188123469782
"mp_0.2_3100.rds","ICES_SAM",0.2,3100,"short-term",0.126857142857143,5523.44942280232,0.185741938449212,1009,0.185741938449212,1.08770873892224,0.841280282619682,0.794006984384042,0.112231271733439
"mp_0.2_3100.rds","ICES_SAM",0.2,3100,"all",0.126857142857143,5697.81494626015,0.190560073106921,1085.9999999995,0.190560073106921,1.11928555465332,0.895318261926505,0.811982865702856,0.106382978722327
"mp_0.2_3200.rds","ICES_SAM",0.2,3200,"long-term",0.0497142857142857,5901.06488365787,0.195453234019769,1174.99998594048,0.195453234019769,1.15328855222498,0.9621538723886,0.830738993682565,0.101729252936303
"mp_0.2_3200.rds","ICES_SAM",0.2,3200,"short-term",0.126857142857143,5524.83876023951,0.185515093079906,1009.99999821528,0.185515093079906,1.088189005866,0.841529188366866,0.793413234843995,0.112927488571581
"mp_0.2_3200.rds","ICES_SAM",0.2,3200,"all",0.126857142857143,5700.0026351871,0.190351152556557,1085.99999999999,0.190351152556557,1.11991596278956,0.895930375844626,0.810778290198889,0.106902733854022
"mp_0.2_3300.rds","ICES_SAM",0.2,3300,"long-term",0.0494285714285714,5905.33794157844,0.195274731700769,1174.99999997927,0.195274731700769,1.15424928026356,0.962781792098309,0.828530021391178,0.102670848530938
"mp_0.2_3300.rds","ICES_SAM",0.2,3300,"short-term",0.126857142857143,5526.17445673057,0.185171765360408,1009.99999999995,0.185171765360408,1.08834832163147,0.842064573516145,0.7916829223028,0.114052028662111
"mp_0.2_3300.rds","ICES_SAM",0.2,3300,"all",0.126857142857143,5702.48993590478,0.19011177454416,1086.99999999997,0.19011177454416,1.12080787857907,0.896552215647688,0.809538406271463,0.107755102044903
"mp_0.2_3400.rds","ICES_SAM",0.2,3400,"long-term",0.0491428571428571,5907.56049618466,0.194915616490451,1175.99999999681,0.194915616490451,1.15540046064751,0.963561126958677,0.827237893275372,0.103201632114439
"mp_0.2_3400.rds","ICES_SAM",0.2,3400,"short-term",0.126857142857143,5527.20504976703,0.184859833573159,1010.99999998452,0.184859833573159,1.08899328954292,0.842064573681021,0.790364135453964,0.114817847100179
"mp_0.2_3400.rds","ICES_SAM",0.2,3400,"all",0.126857142857143,5704.49444571937,0.1897854295198,1087.99999985221,0.1897854295198,1.12197827017525,0.897205309621,0.807732891568,0.108545938179677
"mp_0.2_3500.rds","ICES_SAM",0.2,3500,"long-term",0.0491428571428571,5909.97583318182,0.194613766664869,1176.99999999892,0.194613766664869,1.15665609813999,0.964257768315214,0.825672141635635,0.103999998312486
"mp_0.2_3500.rds","ICES_SAM",0.2,3500,"short-term",0.126857142857143,5530.73259835899,0.184569580319427,1011.99997334597,0.184569580319427,1.08974323819542,0.842829358333736,0.788214038552637,0.115624301445514
"mp_0.2_3500.rds","ICES_SAM",0.2,3500,"all",0.126857142857143,5708.7006158989,0.189355664837809,1087.99999999968,0.189355664837809,1.12294516473376,0.897845387292676,0.806085924886555,0.109346229923584
"mp_0.2_3600.rds","ICES_SAM",0.2,3600,"long-term",0.049,5916.76506035702,0.194217460675349,1176.99999999999,0.194217460675349,1.15822216506196,0.965275870587964,0.823024528914575,0.104435572629388
"mp_0.2_3600.rds","ICES_SAM",0.2,3600,"short-term",0.126857142857143,5535.64916819147,0.184178484472574,1011.99999992169,0.184178484472574,1.09093426735777,0.84284656348329,0.786266380568161,0.116879244455211
"mp_0.2_3600.rds","ICES_SAM",0.2,3600,"all",0.126857142857143,5711.86491001905,0.189092873586468,1089,0.189092873586468,1.1243984971727,0.89864768278323,0.80398068720017,0.110199829316451
"mp_0.2_3700.rds","ICES_SAM",0.2,3700,"long-term",0.0482857142857143,5922.85279657868,0.193885242768141,1178,0.193885242768141,1.15917932093198,0.966108722935322,0.821217458359494,0.105367793240556
"mp_0.2_3700.rds","ICES_SAM",0.2,3700,"short-term",0.126857142857143,5538.14307782961,0.183633661409572,1012.99999999961,0.183633661409572,1.09258230674838,0.843679427873608,0.783788727954429,0.118291347204062
"mp_0.2_3700.rds","ICES_SAM",0.2,3700,"all",0.126857142857143,5717.8812267063,0.188653733211069,1090.99997887317,0.188653733211069,1.12572076711855,0.899440884723449,0.801726305064182,0.111206527631061
"mp_0.2_3800.rds","ICES_SAM",0.2,3800,"long-term",0.0482857142857143,5930.14818251313,0.193382944517133,1179.9999999835,0.193382944517133,1.16179163118899,0.967306142625182,0.81860818307349,0.106004003000633
"mp_0.2_3800.rds","ICES_SAM",0.2,3800,"short-term",0.126857142857143,5545.18884320837,0.183176926597898,1013.99999999886,0.183176926597898,1.09386595999305,0.843933751424274,0.781242111417122,0.119905307361161
"mp_0.2_3800.rds","ICES_SAM",0.2,3800,"all",0.126857142857143,5724.21047929277,0.18817360682971,1091.99999999849,0.18817360682971,1.12731385789217,0.900898570364298,0.79879836890358,0.112274024814653
"mp_0.2_3900.rds","ICES_SAM",0.2,3900,"long-term",0.0487142857142857,5936.60439216271,0.193048453909077,1180.99999604935,0.193048453909077,1.1637391956728,0.968734359616029,0.816201926832982,0.107418298812661
"mp_0.2_3900.rds","ICES_SAM",0.2,3900,"short-term",0.126857142857143,5550.8906954391,0.182648881168097,1015,0.182648881168097,1.09577151254707,0.844868340240764,0.777615610584314,0.121394231149301
"mp_0.2_3900.rds","ICES_SAM",0.2,3900,"all",0.126857142857143,5729.79653119992,0.187730722327056,1093.99998298112,0.187730722327056,1.12922473855818,0.901979092188721,0.796390223780388,0.113686947133334
"mp_0.2_4000.rds","ICES_SAM",0.2,4000,"long-term",0.0478571428571429,5944.02693504313,0.192586236996122,1182.99999930923,0.192586236996122,1.16590555484255,0.970020752941209,0.813575880581645,0.108130791140169
"mp_0.2_4000.rds","ICES_SAM",0.2,4000,"short-term",0.126857142857143,5560.24997000332,0.182047733866958,1017,0.182047733866958,1.09726071854605,0.845420441491274,0.77397352276862,0.123561716432725
"mp_0.2_4000.rds","ICES_SAM",0.2,4000,"all",0.126857142857143,5737.5493581464,0.18717584498279,1095,0.18717584498279,1.1313786400867,0.903382665687541,0.792910440675239,0.114962737773746
"mp_0.2_4200.rds","ICES_SAM",0.2,4200,"long-term",0.0477142857142857,5961.28388480132,0.191617205280636,1185.99999999995,0.191617205280636,1.17117837084085,0.973702795121587,0.807685243710666,0.11010386866707
"mp_0.2_4200.rds","ICES_SAM",0.2,4200,"short-term",0.126857142857143,5581.04066967759,0.180707020952026,1021.99999221091,0.180707020952026,1.1025579753055,0.846737517696361,0.765532447707395,0.128122400138984
"mp_0.2_4200.rds","ICES_SAM",0.2,4200,"all",0.126857142857143,5755.35989939964,0.186015137230354,1099,0.186015137230354,1.13634211987087,0.906679845566323,0.78605836057533,0.118243243254553
"mp_0.2_4400.rds","ICES_SAM",0.2,4400,"long-term",0.0468571428571429,5981.80438455404,0.19052011054081,1190.99999601762,0.19052011054081,1.17609553800968,0.976792223935181,0.801357919537554,0.111856823947007
"mp_0.2_4400.rds","ICES_SAM",0.2,4400,"short-term",0.126857142857143,5605.49429032233,0.179065539147699,1025.99997994913,0.179065539147699,1.10842494840874,0.846737518041071,0.756388161645475,0.133133088683791
"mp_0.2_4400.rds","ICES_SAM",0.2,4400,"all",0.126857142857143,5780.14764065575,0.184668621768413,1103.99999999999,0.184668621768413,1.14209018329419,0.910006919881357,0.778671664203397,0.121435617267358
"mp_0.2_4500.rds","ICES_SAM",0.2,4500,"long-term",0.0462857142857143,5994.1041260264,0.189829375884822,1192.99999998702,0.189829375884822,1.17893681873832,0.978975923243291,0.798252893007091,0.113003089403644
"mp_0.2_4500.rds","ICES_SAM",0.2,4500,"short-term",0.126857142857143,5617.99220783079,0.178309271869704,1026.99999999991,0.178309271869704,1.11233627212354,0.846031460977433,0.751047296226382,0.13547306988107
"mp_0.2_4500.rds","ICES_SAM",0.2,4500,"all",0.126857142857143,5793.44644449494,0.183948541441312,1107,0.183948541441312,1.14541849012101,0.91143398906609,0.774303582537758,0.123104464400137
"mp_0.2_4600.rds","ICES_SAM",0.2,4600,"long-term",0.046,6007.92065601885,0.189197353990578,1195.99998405946,0.189197353990578,1.18195995360004,0.980879187248331,0.794570932692223,0.114285702071685
"mp_0.2_4600.rds","ICES_SAM",0.2,4600,"short-term",0.126857142857143,5635.73355523773,0.177154003713389,1029.99999999922,0.177154003713389,1.11609704430755,0.842999161903137,0.745665564342362,0.138582589459711
"mp_0.2_4600.rds","ICES_SAM",0.2,4600,"all",0.126857142857143,5810.80260997015,0.183008768152417,1110.99999783844,0.183008768152417,1.14932108479844,0.912881440737541,0.769900711666415,0.125000024516353
"mp_0.2_4800.rds","ICES_SAM",0.2,4800,"long-term",0.0451428571428571,6033.52893199681,0.187835975891494,1200.99999999783,0.187835975891494,1.18947527187613,0.983954770084389,0.787580612845462,0.116355865746608
"mp_0.2_4800.rds","ICES_SAM",0.2,4800,"short-term",0.126857142857143,5678.54743760194,0.174739069805783,1032.99999944303,0.174739069805783,1.12504130024959,0.842039146150326,0.732863174483551,0.144424896562128
"mp_0.2_4800.rds","ICES_SAM",0.2,4800,"all",0.126857142857143,5846.50045080723,0.181058092408522,1117,0.181058092408522,1.15738722949018,0.915777561035703,0.759838845086596,0.128508921658225
"mp_0.2_5000.rds","ICES_SAM",0.2,5000,"long-term",0.0444285714285714,6063.19835402842,0.186322102766842,1206.9999999847,0.186322102766842,1.19732921495165,0.986930030524687,0.780683462525821,0.118796992901483
"mp_0.2_5000.rds","ICES_SAM",0.2,5000,"short-term",0.126857142857143,5722.6673215057,0.172123679159097,1029.99999999953,0.172123679159097,1.13413117219013,0.837887537788141,0.720252010111762,0.148790924686068
"mp_0.2_5000.rds","ICES_SAM",0.2,5000,"all",0.126857142857143,5884.5180823523,0.179035247746281,1123.49998720941,0.179035247746281,1.16570391457804,0.916631174075258,0.749683535002787,0.133751971609624
"mp_0.2_5100.rds","ICES_SAM",0.2,5100,"long-term",0.044,6081.59009276297,0.185651696145361,1209,0.185651696145361,1.20134063321419,0.988669938433219,0.776563627565025,0.12004473447568
"mp_0.2_5100.rds","ICES_SAM",0.2,5100,"short-term",0.126857142857143,5745.14931179689,0.170695347017955,1025.99999672045,0.170695347017955,1.13882743269199,0.833685199167079,0.713022879472488,0.153689555300519
"mp_0.2_5100.rds","ICES_SAM",0.2,5100,"all",0.126857142857143,5904.6034935488,0.178013857372714,1125.99998573707,0.178013857372714,1.16975704263146,0.916395911740087,0.744502148489327,0.135714285708724
"mp_0.2_5200.rds","ICES_SAM",0.2,5200,"long-term",0.044,6097.76375421411,0.184761500268989,1211.9999998043,0.184761500268989,1.20555727117398,0.989084491156855,0.772621800981979,0.121390161802633
"mp_0.2_5200.rds","ICES_SAM",0.2,5200,"short-term",0.126857142857143,5767.38576962948,0.169400145983327,1020.99999970534,0.169400145983327,1.14330531332731,0.82982679734927,0.706713649908229,0.158024574641995
"mp_0.2_5200.rds","ICES_SAM",0.2,5200,"all",0.126857142857143,5924.17548200763,0.176953509442709,1126.99998749608,0.176953509442709,1.17390572342218,0.915803133020159,0.739047017736808,0.13730884437439
"mp_0.2_5300.rds","ICES_SAM",0.2,5300,"long-term",0.0434285714285714,6115.82815308732,0.183961613859345,1213.99999999994,0.183961613859345,1.20990283390597,0.989497970207707,0.767904494160449,0.122993175504304
"mp_0.2_5300.rds","ICES_SAM",0.2,5300,"short-term",0.126857142857143,5790.54698144952,0.167947436608069,1013.99998492705,0.167947436608069,1.14813062220132,0.825420046231071,0.70035832602538,0.16017507572954
"mp_0.2_5300.rds","ICES_SAM",0.2,5300,"all",0.126857142857143,5944.62166845248,0.175841788203605,1126.99999268601,0.175841788203605,1.17826614432139,0.91443658312753,0.733725942993422,0.13874011451476
"mp_0.2_5400.rds","ICES_SAM",0.2,5400,"long-term",0.043,6133.11795511418,0.183187477275886,1216.99999999525,0.183187477275886,1.21400326123438,0.98972961539485,0.763608525275164,0.123955431674749
"mp_0.2_5400.rds","ICES_SAM",0.2,5400,"short-term",0.126857142857143,5812.4615144804,0.166606108403209,1007.99999894304,0.166606108403209,1.15296082919081,0.821902163842865,0.693814949454172,0.162068965646688
"mp_0.2_5400.rds","ICES_SAM",0.2,5400,"all",0.126857142857143,5964.98370374779,0.174760424054972,1125.99998136678,0.174760424054972,1.18279838305096,0.912806166848114,0.728333749696229,0.140122511706899
"mp_0.2_5500.rds","ICES_SAM",0.2,5500,"long-term",0.0425714285714286,6153.392493626,0.182294586265014,1218.99999516104,0.182294586265014,1.21848242821347,0.989497970207696,0.759453483008054,0.125000000005779
"mp_0.2_5500.rds","ICES_SAM",0.2,5500,"short-term",0.126857142857143,5836.64152644283,0.165270362694757,999.999994332578,0.165270362694757,1.15788579496671,0.817459781016322,0.687596406748981,0.163828061638736
"mp_0.2_5500.rds","ICES_SAM",0.2,5500,"all",0.126857142857143,5987.02168576363,0.173652405280309,1122.99999670401,0.173652405280309,1.18712892574367,0.910299325987781,0.722485996272088,0.141738795951705
"mp_0.2_5600.rds","ICES_SAM",0.2,5600,"long-term",0.0424285714285714,6171.93115102675,0.181472585061973,1219.99999999991,0.181472585061973,1.22300510965942,0.989023025153724,0.754453990304242,0.126093932519784
"mp_0.2_5600.rds","ICES_SAM",0.2,5600,"short-term",0.126857142857143,5861.07358963109,0.163773670388071,993.99998948017,0.163773670388071,1.16273744268306,0.814383094820083,0.68115045043282,0.1654571844151
"mp_0.2_5600.rds","ICES_SAM",0.2,5600,"all",0.126857142857143,6007.74991354962,0.172524367843835,1119.99999857471,0.172524367843835,1.192241504624,0.907852717798973,0.716682681645783,0.143009600458065
"mp_0.2_5700.rds","ICES_SAM",0.2,5700,"long-term",0.0412857142857143,6194.63960881233,0.180559664029425,1220.99999150143,0.180559664029425,1.22770132504978,0.988306902510624,0.750203578932017,0.127136227592427
"mp_0.2_5700.rds","ICES_SAM",0.2,5700,"short-term",0.126857142857143,5882.78991489489,0.162383199983562,985.999999999991,0.162383199983562,1.1672675416093,0.810251804207936,0.674627901317091,0.167352348813347
"mp_0.2_5700.rds","ICES_SAM",0.2,5700,"all",0.126857142857143,6029.97892240931,0.171354370226568,1115,0.171354370226568,1.19679915368762,0.904562441095036,0.711356903259106,0.144492116954323
"mp_0.2_5800.rds","ICES_SAM",0.2,5800,"long-term",0.0405714285714286,6213.59371089956,0.179629924906898,1220.99996123868,0.179629924906898,1.23226024010357,0.986887899265047,0.745518490195794,0.128488833217427
"mp_0.2_5800.rds","ICES_SAM",0.2,5800,"short-term",0.126857142857143,5907.69142782148,0.16086777241352,979,0.16086777241352,1.17196466485357,0.806329466175548,0.667663236258163,0.169444444455081
"mp_0.2_5800.rds","ICES_SAM",0.2,5800,"all",0.126857142857143,6053.2052291321,0.170217724522844,1110,0.170217724522844,1.20141599514314,0.900440126383365,0.705272556757287,0.146030862361175
"mp_0.2_5900.rds","ICES_SAM",0.2,5900,"long-term",0.04,6232.3354100884,0.17864642321986,1219.99999886126,0.17864642321986,1.23675818454487,0.984418998274041,0.741268332551525,0.129680071872477
"mp_0.2_5900.rds","ICES_SAM",0.2,5900,"short-term",0.126857142857143,5930.36377778283,0.159334703423121,972.999999987813,0.159334703423121,1.17702163362503,0.801687193676204,0.661663742259239,0.171293503671579
"mp_0.2_5900.rds","ICES_SAM",0.2,5900,"all",0.126857142857143,6075.95500608558,0.169043789899371,1104,0.169043789899371,1.20624375287068,0.897227036527012,0.699638890607106,0.147468673944068
"mp_0.2_6000.rds","ICES_SAM",0.2,6000,"long-term",0.039,6255.53414148282,0.177681583849737,1217.99999999981,0.177681583849737,1.24142713204783,0.981932917444082,0.73661864201871,0.130778130265014
"mp_0.2_6000.rds","ICES_SAM",0.2,6000,"short-term",0.126857142857143,5954.29146179104,0.157899865903357,966.999999746317,0.157899865903357,1.18157748996709,0.79783590805789,0.655109906012665,0.172967599802577
"mp_0.2_6000.rds","ICES_SAM",0.2,6000,"all",0.126857142857143,6097.54216800833,0.167905554180652,1097.99999999845,0.167905554180652,1.21115235625281,0.893527619541139,0.694280897680664,0.148985541164819
"mp_0.2_6200.rds","ICES_SAM",0.2,6200,"long-term",0.0371428571428571,6300.69725554855,0.175656178538396,1212,0.175656178538396,1.25068512736096,0.977077493594023,0.727098728433365,0.132508835360357
"mp_0.2_6200.rds","ICES_SAM",0.2,6200,"short-term",0.126857142857143,5998.0948241042,0.154827485199928,954,0.154827485199928,1.19085315081369,0.789046731869874,0.642343469143408,0.176393356246033
"mp_0.2_6200.rds","ICES_SAM",0.2,6200,"all",0.126857142857143,6145.98481752568,0.165504365690358,1084.99999999791,0.165504365690358,1.22068358443431,0.885990250665491,0.68268704098388,0.151800606518513
"mp_0.2_6500.rds","ICES_SAM",0.2,6500,"long-term",0.0355714285714286,6371.9335495221,0.172583061051536,1197.99999997313,0.172583061051536,1.2667074043198,0.967312191033471,0.71168493041985,0.135756954706593
"mp_0.2_6500.rds","ICES_SAM",0.2,6500,"short-term",0.126857142857143,6065.44333237262,0.150380513738463,936.999999999976,0.150380513738463,1.20469925106012,0.776378550395107,0.62503061873534,0.181976253617281
"mp_0.2_6500.rds","ICES_SAM",0.2,6500,"all",0.126857142857143,6216.54311882615,0.161789587540481,1067,0.161789587540481,1.23560011862837,0.875278694082101,0.665897331739364,0.155435131294907
"mp_0.2_7000.rds","ICES_SAM",0.2,7000,"long-term",0.0325714285714286,6498.17209938926,0.16717192445735,1168.99999991197,0.16717192445735,1.29287110650725,0.951411468203207,0.687224061797328,0.140009538778237
"mp_0.2_7000.rds","ICES_SAM",0.2,7000,"short-term",0.126857142857143,6178.74183436747,0.143178247814797,910.999999999999,0.143178247814797,1.22598604991593,0.756229931401064,0.596078599192149,0.189622543821142
"mp_0.2_7000.rds","ICES_SAM",0.2,7000,"all",0.126857142857143,6333.68143447103,0.155581594505673,1039.99999999998,0.155581594505673,1.25972148026903,0.857005065431414,0.639243842597043,0.161210594617804
"mp_0.21_3500.rds","ICES_SAM",0.21,3500,"long-term",0.059,5684.91246054123,0.203912400514652,1179.99999998183,0.203912400514652,1.11457187519593,0.966943713192391,0.863661291677036,0.107507231627439
"mp_0.21_3500.rds","ICES_SAM",0.21,3500,"short-term",0.126857142857143,5405.90102974773,0.194046175491714,1034,0.194046175491714,1.06519587238275,0.866121235847084,0.828562618386349,0.117008314947933
"mp_0.21_3500.rds","ICES_SAM",0.21,3500,"all",0.126857142857143,5537.63552732045,0.198790352497912,1101.99999932314,0.198790352497912,1.09001835645817,0.908350856332744,0.845429371445543,0.111936434437829
"mp_0.21_4000.rds","ICES_SAM",0.21,4000,"long-term",0.0567142857142857,5721.47212093205,0.201427506030761,1187,0.201427506030761,1.12505219369368,0.974776189530579,0.848827278640614,0.112299465257264
"mp_0.21_4000.rds","ICES_SAM",0.21,4000,"short-term",0.126857142857143,5436.17806730705,0.191205844155634,1040.99998485501,0.191205844155634,1.07375855555344,0.871036828671573,0.811594616011335,0.124188272120362
"mp_0.21_4000.rds","ICES_SAM",0.21,4000,"all",0.126857142857143,5569.35886361551,0.19615574037232,1109.99999998859,0.19615574037232,1.09922255192241,0.914962503300113,0.829653848472683,0.118170573394092
"mp_0.21_4500.rds","ICES_SAM",0.21,4500,"long-term",0.0552857142857143,5779.68821838009,0.198093600192103,1200.99999773015,0.198093600192103,1.14040563211534,0.984529779562315,0.831130452005253,0.11800353258966
"mp_0.21_4500.rds","ICES_SAM",0.21,4500,"short-term",0.126857142857143,5496.92735235073,0.18693629402858,1049.99999999998,0.18693629402858,1.08859350839128,0.871389908867639,0.786844872967986,0.131044011516615
"mp_0.21_4500.rds","ICES_SAM",0.21,4500,"all",0.126857142857143,5630.22892958071,0.192256508143998,1122.99999994552,0.192256508143998,1.11499866312766,0.922212426337058,0.808345011799198,0.12609552595356
"mp_0.21_5000.rds","ICES_SAM",0.21,5000,"long-term",0.053,5859.87452399624,0.193948389827775,1215.99999990736,0.193948389827775,1.1598554795905,0.991117309351583,0.809620998917278,0.124400761998314
"mp_0.21_5000.rds","ICES_SAM",0.21,5000,"short-term",0.126857142857143,5603.17951420631,0.179962150203659,1045.99999808025,0.179962150203659,1.11185205581981,0.849657023113056,0.751946995414939,0.15048211653486
"mp_0.21_5000.rds","ICES_SAM",0.21,5000,"all",0.126857142857143,5728.08942874111,0.186748738365767,1136.9999999883,0.186748738365767,1.13588755441686,0.924083460043324,0.779973966166241,0.135938948551006
"mp_0.21_5100.rds","ICES_SAM",0.21,5100,"long-term",0.053,5878.24858810773,0.193050344774664,1218,0.193050344774664,1.16464998517147,0.991737620089866,0.805635186873397,0.125660025977667
"mp_0.21_5100.rds","ICES_SAM",0.21,5100,"short-term",0.126857142857143,5627.68663181616,0.178376352421864,1039.99999995161,0.178376352421864,1.11628680810224,0.845258676232673,0.744348524152085,0.152346670145775
"mp_0.21_5100.rds","ICES_SAM",0.21,5100,"all",0.126857142857143,5747.85826469354,0.185587321714446,1137.99999675557,0.185587321714446,1.14050572561495,0.923073127032843,0.773938732920829,0.137583892617455
"mp_0.21_5200.rds","ICES_SAM",0.21,5200,"long-term",0.0525714285714286,5896.4661723687,0.192154142490552,1220.99999830943,0.192154142490552,1.16926011188791,0.991927144230971,0.800676569124966,0.126833160911336
"mp_0.21_5200.rds","ICES_SAM",0.21,5200,"short-term",0.126857142857143,5651.90606616653,0.176969543364456,1033,0.176969543364456,1.1215764287922,0.841343882783335,0.737287098241621,0.154485641970664
"mp_0.21_5200.rds","ICES_SAM",0.21,5200,"all",0.126857142857143,5768.56157896992,0.184378403022557,1136.99999999994,0.184378403022557,1.14498223913868,0.921434844307965,0.768502065924691,0.139354018538194
"mp_0.21_5300.rds","ICES_SAM",0.21,5300,"long-term",0.0515714285714286,5914.64970955336,0.191192839248674,1222.99999999784,0.191192839248674,1.17365763820173,0.991154033755764,0.795973492392498,0.127783489414572
"mp_0.21_5300.rds","ICES_SAM",0.21,5300,"short-term",0.126857142857143,5678.36443786259,0.175306266491321,1025.99999992073,0.175306266491321,1.12649535691655,0.837004847453972,0.730370006008267,0.156745607250389
"mp_0.21_5300.rds","ICES_SAM",0.21,5300,"all",0.126857142857143,5791.04799676867,0.183101164349882,1134.99999999997,0.183101164349882,1.1495728608816,0.919348027041029,0.762509969628453,0.142526047247009
"mp_0.21_5400.rds","ICES_SAM",0.21,5400,"long-term",0.0511428571428571,5935.33559875555,0.190191592532536,1224,0.190191592532536,1.17820962064132,0.991216360821914,0.791267031792686,0.12962963518124
"mp_0.21_5400.rds","ICES_SAM",0.21,5400,"short-term",0.126857142857143,5701.46065959817,0.173768443583263,1018.99999999997,0.173768443583263,1.13150262106633,0.832718684224693,0.723295180488267,0.161061751119984
"mp_0.21_5400.rds","ICES_SAM",0.21,5400,"all",0.126857142857143,5812.2003900002,0.181870947225044,1131.49998752922,0.181870947225044,1.15391309379611,0.916631174073695,0.756493744999506,0.144272628296099
"mp_0.21_5500.rds","ICES_SAM",0.21,5500,"long-term",0.0504285714285714,5954.36223676395,0.189192032280217,1224.99999991927,0.189192032280217,1.18271833618209,0.9906642034894,0.78607817813951,0.130828564665234
"mp_0.21_5500.rds","ICES_SAM",0.21,5500,"short-term",0.126857142857143,5724.17224531755,0.172203773014779,1010,0.172203773014779,1.13648796864358,0.827956146400417,0.716252159141623,0.1651333674087
"mp_0.21_5500.rds","ICES_SAM",0.21,5500,"all",0.126857142857143,5835.05844685122,0.180624217334394,1127.99999915812,0.180624217334394,1.15900329445826,0.913093325262627,0.750229000981208,0.146141215106378
"mp_0.21_5600.rds","ICES_SAM",0.21,5600,"long-term",0.0491428571428571,5976.69428872224,0.188207076844808,1224.99999999841,0.188207076844808,1.18789641250448,0.98859573363155,0.781078313068112,0.13208641606207
"mp_0.21_5600.rds","ICES_SAM",0.21,5600,"short-term",0.126857142857143,5748.23217936416,0.170675956967293,1004,0.170675956967293,1.14170589952956,0.824261640034213,0.709146303558964,0.167529107239295
"mp_0.21_5600.rds","ICES_SAM",0.21,5600,"all",0.126857142857143,5858.82435253702,0.179362873745077,1121.99999999984,0.179362873745077,1.16363099058402,0.909474763314836,0.743575281511908,0.147614761476146
"mp_0.21_5700.rds","ICES_SAM",0.21,5700,"long-term",0.0484285714285714,5999.70527905905,0.1872024582708,1223.99999999953,0.1872024582708,1.19204440103733,0.986751744715384,0.776360860249258,0.133053933340721
"mp_0.21_5700.rds","ICES_SAM",0.21,5700,"short-term",0.126857142857143,5772.01244258866,0.169102811479579,996.99999999864,0.169102811479579,1.14617398954013,0.819634440719364,0.702155304384059,0.169828844839031
"mp_0.21_5700.rds","ICES_SAM",0.21,5700,"all",0.126857142857143,5879.95014602589,0.178073800393509,1116.99998732559,0.178073800393509,1.16860393856152,0.905883201411435,0.737521100257065,0.149058821989435
"mp_0.21_5800.rds","ICES_SAM",0.21,5800,"long-term",0.0481428571428571,6020.76905804452,0.186013608895035,1221.99999991052,0.186013608895035,1.19658926330102,0.984418997749278,0.771308094311651,0.134368640223396
"mp_0.21_5800.rds","ICES_SAM",0.21,5800,"short-term",0.126857142857143,5794.72674039237,0.167524079496206,989.999999998739,0.167524079496206,1.15115630060009,0.815611297618807,0.695567153037549,0.171384039541749
"mp_0.21_5800.rds","ICES_SAM",0.21,5800,"all",0.126857142857143,5901.33470520892,0.176762452984802,1109.99999999996,0.176762452984802,1.17380122100026,0.901878261241734,0.731459389448578,0.150408356864191
"mp_0.21_5900.rds","ICES_SAM",0.21,5900,"long-term",0.0471428571428571,6043.87760729425,0.185009934845025,1219.99999349811,0.185009934845025,1.2018589878427,0.982045683577834,0.765720590289129,0.135583405166637
"mp_0.21_5900.rds","ICES_SAM",0.21,5900,"short-term",0.126857142857143,5820.461536696,0.165918866277778,983.999996765919,0.165918866277778,1.15601538078331,0.8118946236797,0.688712213748843,0.173372935636048
"mp_0.21_5900.rds","ICES_SAM",0.21,5900,"all",0.126857142857143,5926.39447831085,0.175374741607392,1102.99999999998,0.175374741607392,1.17856926762722,0.897586443267913,0.725216019718556,0.151973916998847
"mp_0.21_6000.rds","ICES_SAM",0.21,6000,"long-term",0.047,6066.96474526712,0.183928185023105,1214.9999999963,0.183928185023105,1.20713661231175,0.978849344453197,0.76038273884515,0.13636363636366
"mp_0.21_6000.rds","ICES_SAM",0.21,6000,"short-term",0.126857142857143,5844.19876670527,0.164284513859237,976.999999999986,0.164284513859237,1.1608501271449,0.806352683505868,0.68230119689956,0.175182481227008
"mp_0.21_6000.rds","ICES_SAM",0.21,6000,"all",0.126857142857143,5950.6474981646,0.174041740599731,1096.9999987185,0.174041740599731,1.18356672667708,0.894274316170761,0.719100366381384,0.15325077399517
"mp_0.21_6100.rds","ICES_SAM",0.21,6100,"long-term",0.0452857142857143,6090.09265788061,0.182802628965485,1211.99998286788,0.182802628965485,1.21227288657582,0.975421429006637,0.755184209815663,0.13777153744864
"mp_0.21_6100.rds","ICES_SAM",0.21,6100,"short-term",0.126857142857143,5868.31313891622,0.162638833663606,971.999971696682,0.162638833663606,1.16567487782759,0.802362789213699,0.675295491571983,0.17685769966446
"mp_0.21_6100.rds","ICES_SAM",0.21,6100,"all",0.126857142857143,5975.28116775194,0.172689660137257,1089.99999999998,0.172689660137257,1.18849958436679,0.890425176809138,0.713287787141554,0.154803266285542
"mp_0.21_6200.rds","ICES_SAM",0.21,6200,"long-term",0.0448571428571429,6112.96458908726,0.181679875753589,1204.99999999998,0.181679875753589,1.2176614670387,0.972109302948612,0.749441185899957,0.138678445734329
"mp_0.21_6200.rds","ICES_SAM",0.21,6200,"short-term",0.126857142857143,5892.90955884048,0.161001119377879,964.999999999918,0.161001119377879,1.17038374589412,0.797763923379238,0.669147988244794,0.178912358489559
"mp_0.21_6200.rds","ICES_SAM",0.21,6200,"all",0.126857142857143,5999.85559769888,0.171390985945459,1083.99999419173,0.171390985945459,1.19359087086188,0.886772703248526,0.707089146409273,0.156178752442932
"mp_0.21_6300.rds","ICES_SAM",0.21,6300,"long-term",0.0442857142857143,6138.67743510819,0.180552881634599,1199.99999979239,0.180552881634599,1.22256023601,0.969115882830889,0.744561374419841,0.13978690522369
"mp_0.21_6300.rds","ICES_SAM",0.21,6300,"short-term",0.126857142857143,5913.78710766973,0.159392831665513,959.999998681835,0.159392831665513,1.17520302554926,0.793251980250018,0.662354893340555,0.180377463444445
"mp_0.21_6300.rds","ICES_SAM",0.21,6300,"all",0.126857142857143,6024.32103442251,0.170104965249816,1076.99999999999,0.170104965249816,1.19871703273601,0.883509903105899,0.700769170376654,0.157448808033561
"mp_0.21_6400.rds","ICES_SAM",0.21,6400,"long-term",0.0431428571428571,6162.82897613555,0.179475107306576,1192.99999999999,0.179475107306576,1.22774415077742,0.965863977245144,0.738882919087389,0.14067278869675
"mp_0.21_6400.rds","ICES_SAM",0.21,6400,"short-term",0.126857142857143,5936.4921818329,0.157747227644407,954.999991714505,0.157747227644407,1.17984181277544,0.789589009768624,0.656057774809873,0.18201406469263
"mp_0.21_6400.rds","ICES_SAM",0.21,6400,"all",0.126857142857143,6048.5470586391,0.168720495270341,1071.99999999992,0.168720495270341,1.20360755242142,0.880222990557834,0.69503660882637,0.158679864723262
"mp_0.21_6500.rds","ICES_SAM",0.21,6500,"long-term",0.0421428571428571,6187.78260866893,0.178266402198137,1186.99999658091,0.178266402198137,1.23289763530695,0.962153872388065,0.733569579917317,0.141456097009064
"mp_0.21_6500.rds","ICES_SAM",0.21,6500,"short-term",0.126857142857143,5960.86167617724,0.156092595867834,948.999999999234,0.156092595867834,1.18453591073494,0.78501438121394,0.650206481398002,0.184036367861034
"mp_0.21_6500.rds","ICES_SAM",0.21,6500,"all",0.126857142857143,6073.56514697179,0.167349180075108,1065.99999999961,0.167349180075108,1.20874631744177,0.875709773073381,0.689036023891588,0.159677149421618
"mp_0.22_4000.rds","ICES_SAM",0.22,4000,"long-term",0.0687142857142857,5516.17763211957,0.209996429569578,1192.99999999978,0.209996429569578,1.08785694227953,0.979434358497985,0.883674183517683,0.116773257112612
"mp_0.22_4000.rds","ICES_SAM",0.22,4000,"short-term",0.126857142857143,5316.70315308134,0.200322765779007,1062.99999884325,0.200322765779007,1.04999879604851,0.892201923880666,0.848569120656388,0.106653972860618
"mp_0.22_4000.rds","ICES_SAM",0.22,4000,"all",0.126857142857143,5410.94308818092,0.205039502548362,1122.99999999994,0.205039502548362,1.06932562452081,0.926177572119264,0.865777134563358,0.111111111157831
"mp_0.22_4500.rds","ICES_SAM",0.22,4500,"long-term",0.0661428571428571,5583.65519049916,0.206105520104694,1207.99999759372,0.206105520104694,1.10476995936038,0.989084490963112,0.862473758522021,0.12274284609969
"mp_0.22_4500.rds","ICES_SAM",0.22,4500,"short-term",0.126857142857143,5378.14677433656,0.195400283366628,1070.99998018196,0.195400283366628,1.06656623106101,0.89159778013066,0.820569539352155,0.120432864020326
"mp_0.22_4500.rds","ICES_SAM",0.22,4500,"all",0.126857142857143,5478.49619867196,0.20053815250619,1136.99999896035,0.20053815250619,1.08595715178249,0.931543411168928,0.841201706081386,0.121682769787516
"mp_0.22_5000.rds","ICES_SAM",0.22,5000,"long-term",0.0637142857142857,5670.38613857815,0.201339221348881,1222.99999998181,0.201339221348881,1.12651399276218,0.993689764092992,0.838659380657649,0.130043719654971
"mp_0.22_5000.rds","ICES_SAM",0.22,5000,"short-term",0.126857142857143,5493.63114996426,0.187708391973823,1059,0.187708391973823,1.08995566760654,0.859913803487257,0.783667430054064,0.152592777828233
"mp_0.22_5000.rds","ICES_SAM",0.22,5000,"all",0.126857142857143,5580.08023435248,0.194222183052694,1147,0.194222183052694,1.1080773099672,0.929463214477294,0.810108742101459,0.140350872345636
"mp_0.22_5500.rds","ICES_SAM",0.22,5500,"long-term",0.0591428571428571,5776.58272179942,0.195886306645125,1226.99998684218,0.195886306645125,1.14984524408153,0.987762882839163,0.811376551988517,0.13633557091672
"mp_0.22_5500.rds","ICES_SAM",0.22,5500,"short-term",0.126857142857143,5616.93837603494,0.179218781248616,1019.99999999991,0.179218781248616,1.11619909092942,0.837247007207139,0.744979974134693,0.161599425743611
"mp_0.22_5500.rds","ICES_SAM",0.22,5500,"all",0.126857142857143,5694.51199213103,0.187391510264122,1128,0.187391510264122,1.13262968221211,0.914027916786464,0.776651865526177,0.147879414622418
"mp_0.22_6000.rds","ICES_SAM",0.22,6000,"long-term",0.0544285714285714,5895.61491887485,0.189801013712274,1205.99999999972,0.189801013712274,1.17560899239653,0.972665836290157,0.783362239477345,0.142008891441422
"mp_0.22_6000.rds","ICES_SAM",0.22,6000,"short-term",0.126857142857143,5743.16767650802,0.170439344749764,985.999999999999,0.170439344749764,1.14128892255563,0.814961496392689,0.70825109967002,0.177299450255984
"mp_0.22_6000.rds","ICES_SAM",0.22,6000,"all",0.126857142857143,5814.61047625986,0.179957494874373,1093.99999999994,0.179957494874373,1.15801366675647,0.894753633255887,0.743771846553293,0.157791564678854
"mp_0.22_6100.rds","ICES_SAM",0.22,6100,"long-term",0.0541428571428571,5918.51717028042,0.188535634205287,1199.99999375661,0.188535634205287,1.18106491318427,0.970192433019222,0.777594052188163,0.143304710914394
"mp_0.22_6100.rds","ICES_SAM",0.22,6100,"short-term",0.126857142857143,5767.10913188787,0.168781239990879,979.999999999756,0.168781239990879,1.14598035075564,0.810365333979229,0.701305291922058,0.179025023487292
"mp_0.22_6100.rds","ICES_SAM",0.22,6100,"all",0.126857142857143,5838.99734277749,0.178490852395635,1087.99999999978,0.178490852395635,1.16300898005477,0.891736977089684,0.737075529839377,0.159072846137086
"mp_0.22_6200.rds","ICES_SAM",0.22,6200,"long-term",0.053,5944.45507629807,0.187324197389493,1193.99999999779,0.187324197389493,1.18635511932798,0.966401272519832,0.771550622335656,0.144395690502947
"mp_0.22_6200.rds","ICES_SAM",0.22,6200,"short-term",0.126857142857143,5791.78605798245,0.167091638535478,974.999985404822,0.167091638535478,1.15061499895296,0.806201072242578,0.694288655528578,0.180610830968263
"mp_0.22_6200.rds","ICES_SAM",0.22,6200,"all",0.126857142857143,5863.69007050509,0.177014858067329,1081.9999992738,0.177014858067329,1.16833070541454,0.887650061977121,0.730601074378742,0.160544223988474
"mp_0.22_6400.rds","ICES_SAM",0.22,6400,"long-term",0.0507142857142857,5995.15843542355,0.1848223695555,1181.99999998077,0.1848223695555,1.1974557782799,0.959680469117816,0.7604301993944,0.146289352834523
"mp_0.22_6400.rds","ICES_SAM",0.22,6400,"short-term",0.126857142857143,5836.54971356215,0.163569624254163,963.999999999403,0.163569624254163,1.1596892914286,0.796833253297173,0.68121927190301,0.183736294957829
"mp_0.22_6400.rds","ICES_SAM",0.22,6400,"all",0.126857142857143,5913.69940461763,0.174167175647695,1070,0.174167175647695,1.17858019925581,0.880324930945817,0.718051977511488,0.162836209013795
"mp_0.22_6500.rds","ICES_SAM",0.22,6500,"long-term",0.0495714285714286,6021.86518345374,0.183515656773124,1174.99999947544,0.183515656773124,1.20210448171244,0.956157198289409,0.754601671959842,0.147390174974311
"mp_0.22_6500.rds","ICES_SAM",0.22,6500,"short-term",0.126857142857143,5860.42479582447,0.161867671257293,958.999983055349,0.161867671257293,1.16485057386626,0.792426394190501,0.674779762208367,0.185709513697632
"mp_0.22_6500.rds","ICES_SAM",0.22,6500,"all",0.126857142857143,5938.71966387212,0.172560148605511,1065.99998554776,0.172560148605511,1.18357397091576,0.876203108723682,0.712160940582647,0.164024973913229
"mp_0.22_6600.rds","ICES_SAM",0.22,6600,"long-term",0.0495714285714286,6049.77691346316,0.182083077107918,1169,0.182083077107918,1.20787127898095,0.953564934702639,0.748800436731332,0.148422031850386
"mp_0.22_6600.rds","ICES_SAM",0.22,6600,"short-term",0.126857142857143,5881.57249157953,0.160116687977566,952.999999999999,0.160116687977566,1.16919394104027,0.787858419104422,0.667559319198918,0.187443656573513
"mp_0.22_6600.rds","ICES_SAM",0.22,6600,"all",0.126857142857143,5964.82175135229,0.171178461715932,1060.99999223701,0.171178461715932,1.18883684447804,0.872447168482672,0.705800667381417,0.165177397236034
"mp_0.22_6700.rds","ICES_SAM",0.22,6700,"long-term",0.0482857142857143,6074.93191387366,0.180752940931085,1163.99998838104,0.180752940931085,1.21347228349661,0.949932675138252,0.742405316592843,0.149120140118633
"mp_0.22_6700.rds","ICES_SAM",0.22,6700,"short-term",0.126857142857143,5904.85270166741,0.158475878594902,948.999999999493,0.158475878594902,1.17418225738364,0.784298797628597,0.66115902753247,0.188848447800165
"mp_0.22_6700.rds","ICES_SAM",0.22,6700,"all",0.126857142857143,5990.63042854715,0.169762156690704,1055.99999978214,0.169762156690704,1.19380877005271,0.868675300174432,0.699414243173079,0.166390028762568
"mp_0.22_6800.rds","ICES_SAM",0.22,6800,"long-term",0.0472857142857143,6101.70473069095,0.179540900086798,1157.99999999996,0.179540900086798,1.2188075338491,0.946953109697718,0.737217748589414,0.14985576097712
"mp_0.22_6800.rds","ICES_SAM",0.22,6800,"short-term",0.126857142857143,5928.51425862649,0.156846691095264,943.999999998633,0.156846691095264,1.17875197956168,0.780182331651433,0.654748650336497,0.190255462789725
"mp_0.22_6800.rds","ICES_SAM",0.22,6800,"all",0.126857142857143,6015.64882720578,0.168279458255394,1050.99999999998,0.168279458255394,1.19903106362557,0.8648774404773,0.693983136182071,0.167503949639448
"mp_0.22_6900.rds","ICES_SAM",0.22,6900,"long-term",0.0464285714285714,6129.27453088005,0.178203653349494,1152.99999999525,0.178203653349494,1.22431403036576,0.942874649780566,0.731678705081908,0.150551066191607
"mp_0.22_6900.rds","ICES_SAM",0.22,6900,"short-term",0.126857142857143,5952.62352067824,0.155294923417707,938.999997040902,0.155294923417707,1.18318338127525,0.777051240085024,0.648574366038513,0.191600182520982
"mp_0.22_6900.rds","ICES_SAM",0.22,6900,"all",0.126857142857143,6039.13968183506,0.166778059749849,1046.99999999987,0.166778059749849,1.20438868433745,0.861296168171933,0.687961805091065,0.168491501891431
"mp_0.22_7000.rds","ICES_SAM",0.22,7000,"long-term",0.0455714285714286,6157.77802483228,0.17691017026742,1149,0.17691017026742,1.2298731661188,0.939261815852382,0.726685533480021,0.151284475705658
"mp_0.22_7000.rds","ICES_SAM",0.22,7000,"short-term",0.126857142857143,5975.11207044337,0.153670612557349,934.99998933403,0.153670612557349,1.18764435547529,0.772938522162637,0.642650265229904,0.193121850534026
"mp_0.22_7000.rds","ICES_SAM",0.22,7000,"all",0.126857142857143,6064.43055672169,0.165396491460549,1042,0.165396491460549,1.20945368176866,0.857840918104747,0.682455017430407,0.169546660077143
"mp_0.23_6500.rds","ICES_SAM",0.23,6500,"long-term",0.0562857142857143,5867.98252917759,0.188214812630547,1163,0.188214812630547,1.17372905402856,0.949752445044353,0.773535138636917,0.152893582259793
"mp_0.23_6500.rds","ICES_SAM",0.23,6500,"short-term",0.126857142857143,5766.81716206785,0.167441401297484,967.999999970864,0.167441401297484,1.14625406810074,0.799538253463499,0.698055526817464,0.187290178493521
"mp_0.23_6500.rds","ICES_SAM",0.23,6500,"all",0.126857142857143,5816.0792805226,0.177759027782121,1064,0.177759027782121,1.16015571845487,0.875557485446264,0.733833359074797,0.168168168171971
"mp_0.23_6600.rds","ICES_SAM",0.23,6600,"long-term",0.0552857142857143,5894.9247584505,0.186863257284279,1157,0.186863257284279,1.1791504775021,0.946395860511126,0.767630757879396,0.153674972517625
"mp_0.23_6600.rds","ICES_SAM",0.23,6600,"short-term",0.126857142857143,5789.74218190513,0.165700939876171,962.999999999826,0.165700939876171,1.15124917592957,0.795817502419195,0.691032944374819,0.188993973179934
"mp_0.23_6600.rds","ICES_SAM",0.23,6600,"all",0.126857142857143,5842.08307781119,0.176162140595062,1059.99999990705,0.176162140595062,1.16522483300052,0.872294780085856,0.727695462740483,0.16953752806531
"mp_0.23_6700.rds","ICES_SAM",0.23,6700,"long-term",0.0541428571428571,5923.47144090712,0.18553747848428,1152.99999999999,0.18553747848428,1.1853647972948,0.94298499479332,0.761842495445689,0.154310918459566
"mp_0.23_6700.rds","ICES_SAM",0.23,6700,"short-term",0.126857142857143,5812.69227181197,0.16391512100107,958,0.16391512100107,1.15564085545242,0.791761342162765,0.684400752848657,0.190140849693656
"mp_0.23_6700.rds","ICES_SAM",0.23,6700,"all",0.126857142857143,5867.53920138548,0.174614325655574,1054.99999999999,0.174614325655574,1.17026598445477,0.868458714269208,0.721685677839608,0.170334018150043
"mp_0.23_6800.rds","ICES_SAM",0.23,6800,"long-term",0.0535714285714286,5951.73421309458,0.184102835203366,1148.49998685237,0.184102835203366,1.19080728778218,0.939388331014483,0.756034778170831,0.155295664742015
"mp_0.23_6800.rds","ICES_SAM",0.23,6800,"short-term",0.126857142857143,5836.26070545611,0.162272149433996,953.999994997084,0.162272149433996,1.16088434941701,0.787858419104434,0.677979370097187,0.192124472088469
"mp_0.23_6800.rds","ICES_SAM",0.23,6800,"all",0.126857142857143,5892.15025909677,0.173059008108414,1051,0.173059008108414,1.17551259481369,0.865055820529005,0.715167964661217,0.171839626092523
"mp_0.23_6900.rds","ICES_SAM",0.23,6900,"long-term",0.0531428571428571,5979.21837902366,0.182614374887986,1143.99999527198,0.182614374887986,1.19645589877604,0.935635688424062,0.751103609735316,0.156026539472819
"mp_0.23_6900.rds","ICES_SAM",0.23,6900,"short-term",0.126857142857143,5859.11376340786,0.160486354314354,948.999999999998,0.160486354314354,1.16533889277389,0.784120063227941,0.67163794157568,0.193195625759306
"mp_0.23_6900.rds","ICES_SAM",0.23,6900,"all",0.126857142857143,5918.25102847103,0.171466522017737,1046.99999999971,0.171466522017737,1.18094589953795,0.861436340297802,0.70877348808591,0.172472809414623
"mp_0.23_7000.rds","ICES_SAM",0.23,7000,"long-term",0.052,6008.20151929566,0.181262978249655,1139,0.181262978249655,1.20193233134879,0.931854682319941,0.744999989347362,0.156603782040907
"mp_0.23_7000.rds","ICES_SAM",0.23,7000,"short-term",0.126857142857143,5883.10560860812,0.158864476404934,944.999999217806,0.158864476404934,1.16978429249573,0.780381708127164,0.66525952738634,0.194426547502549
"mp_0.23_7000.rds","ICES_SAM",0.23,7000,"all",0.126857142857143,5943.18863761553,0.169925695163137,1042.99999999966,0.169925695163137,1.18600170788629,0.857840918100872,0.702939726380896,0.173217779113089
"mp_0.25_3500.rds","ICES_SAM",0.25,3500,"long-term",0.104142857142857,4924.76297367135,0.239442191146333,1190.99999539162,0.239442191146333,0.975208965837756,0.976509552177163,1.00677763989011,0.124408852945526
"mp_0.25_3500.rds","ICES_SAM",0.25,3500,"short-term",0.126857142857143,4951.928726143,0.232416137293045,1115.99999240607,0.232416137293045,0.974145536980252,0.9519233506538,0.986682624811941,0.104400086407492
"mp_0.25_3500.rds","ICES_SAM",0.25,3500,"all",0.126857142857143,4938.63167278394,0.23570203182069,1148,0.23570203182069,0.974724562367732,0.96091717075302,0.996423404978789,0.114378749796206
"mp_0.25_4000.rds","ICES_SAM",0.25,4000,"long-term",0.0982857142857143,4994.77424292379,0.234496163501418,1206,0.234496163501418,0.992250129307068,0.988909018823175,0.980236026949521,0.131596791066885
"mp_0.25_4000.rds","ICES_SAM",0.25,4000,"short-term",0.126857142857143,4992.13870235841,0.227399742997715,1121.99999999962,0.227399742997715,0.985687820221427,0.952828217060115,0.959670537408845,0.111226085835362
"mp_0.25_4000.rds","ICES_SAM",0.25,4000,"all",0.126857142857143,4993.61802234763,0.23079656877914,1160.99999991834,0.23079656877914,0.98904740730221,0.96640126207559,0.969837069044024,0.121773121014028
"mp_0.25_4500.rds","ICES_SAM",0.25,4500,"long-term",0.0921428571428571,5089.57785685084,0.228419735209536,1224.99999595055,0.228419735209536,1.01406682280214,0.994466160853104,0.950225626877599,0.139666131159804
"mp_0.25_4500.rds","ICES_SAM",0.25,4500,"short-term",0.126857142857143,5064.4296298339,0.22062667918809,1120.99999707263,0.22062667918809,1.00397349006393,0.938160000205198,0.921495270743928,0.123291731562401
"mp_0.25_4500.rds","ICES_SAM",0.25,4500,"all",0.126857142857143,5076.08448906824,0.224325560874487,1171.99999999999,0.224325560874487,1.0093054098854,0.965485048754968,0.935351341358743,0.131533101559695
"mp_0.25_5000.rds","ICES_SAM",0.25,5000,"long-term",0.087,5201.04245872567,0.221309904738653,1228.99998583254,0.221309904738653,1.03945700672075,0.98812460673337,0.915229901772245,0.147058821768586
"mp_0.25_5000.rds","ICES_SAM",0.25,5000,"short-term",0.126857142857143,5190.92576284828,0.210423853234397,1083.99999999998,0.210423853234397,1.02981728146119,0.909354969061018,0.875237446561472,0.138243710218014
"mp_0.25_5000.rds","ICES_SAM",0.25,5000,"all",0.126857142857143,5196.22417922419,0.215600354783544,1155.99999999995,0.215600354783544,1.03457493375342,0.939261807215362,0.894552706625437,0.14285714961384
"mp_0.25_5500.rds","ICES_SAM",0.25,5500,"long-term",0.0817142857142857,5323.76549591885,0.213492331508304,1202.99999456676,0.213492331508304,1.06516743834883,0.971977683190393,0.880262516162648,0.153935773777997
"mp_0.25_5500.rds","ICES_SAM",0.25,5500,"short-term",0.126857142857143,5322.308562232,0.199574078354007,1045,0.199574078354007,1.0576412785594,0.866363881858782,0.828673767649065,0.154032248980968
"mp_0.25_5500.rds","ICES_SAM",0.25,5500,"all",0.126857142857143,5323.21136180696,0.206142729219363,1119.9999999858,0.206142729219363,1.06168255487674,0.913918800035207,0.852727098521173,0.154032247312715
"mp_0.25_6000.rds","ICES_SAM",0.25,6000,"long-term",0.076,5456.54253322748,0.205267977372202,1168.99999450452,0.205267977372202,1.09309248178801,0.953064562800416,0.844860860351948,0.159769931593383
"mp_0.25_6000.rds","ICES_SAM",0.25,6000,"short-term",0.126857142857143,5455.66273445251,0.188684440123388,1012.99998944217,0.188684440123388,1.08503466119889,0.836183756747467,0.784924901223284,0.177628352239017
"mp_0.25_6000.rds","ICES_SAM",0.25,6000,"all",0.126857142857143,5456.04775462412,0.196585347782832,1088.99999833849,0.196585347782832,1.08923926474263,0.893527625608938,0.813283038343998,0.167707056184211
"mp_0.25_6200.rds","ICES_SAM",0.25,6200,"long-term",0.0734285714285714,5512.96750920365,0.202001548118395,1157.99999573065,0.202001548118395,1.10433240007607,0.946120266345899,0.830805425652547,0.161599584086529
"mp_0.25_6200.rds","ICES_SAM",0.25,6200,"short-term",0.126857142857143,5507.3075117194,0.18445172877987,1000,0.18445172877987,1.09559644933152,0.826378755927921,0.768451893112598,0.180301766552627
"mp_0.25_6200.rds","ICES_SAM",0.25,6200,"all",0.126857142857143,5509.88940231688,0.192820393848223,1077.99999998378,0.192820393848223,1.09986833408674,0.884962949730768,0.798350662438867,0.169794306727723
"mp_0.25_6500.rds","ICES_SAM",0.25,6500,"long-term",0.0702857142857143,5596.48990943198,0.197234216786874,1142.99999999902,0.197234216786874,1.12109858373113,0.935564787192797,0.810996485462867,0.16421128739407
"mp_0.25_6500.rds","ICES_SAM",0.25,6500,"short-term",0.126857142857143,5583.14614146202,0.178240566871049,984.99999999999,0.178240566871049,1.11077312296446,0.813478224714204,0.74473028292131,0.185249139336922
"mp_0.25_6500.rds","ICES_SAM",0.25,6500,"all",0.126857142857143,5589.79074573465,0.18733104402709,1063.99999877078,0.18733104402709,1.11627175726649,0.874002333380732,0.776765876484412,0.174263203292019
"mp_0.3_0.rds","ICES_SAM",0.3,0,"long-term",0.199142857142857,4107.56558884026,0.299714964094523,1151.49999517269,0.299714964094523,0.809386248513295,0.943128190828574,1.27497704582651,0.120061143299179
"mp_0.3_0.rds","ICES_SAM",0.3,0,"short-term",0.193714285714286,4444.00675132522,0.293442798137007,1270.99999998529,0.293442798137007,0.86659715068086,1.03450091767591,1.25461476288454,0.123420874353523
"mp_0.3_0.rds","ICES_SAM",0.3,0,"all",0.199142857142857,4284.75135716757,0.296463189858678,1223.99999656206,0.296463189858678,0.838729451901733,0.995305148333943,1.26435033568253,0.121732330526754
"mp_0.3_1000.rds","ICES_SAM",0.3,1000,"long-term",0.199142857142857,4108.79230688971,0.299620379669846,1150.99999999989,0.299620379669846,0.809762662454438,0.943207144449378,1.27414624300438,0.120152953615613
"mp_0.3_1000.rds","ICES_SAM",0.3,1000,"short-term",0.194,4443.15600643163,0.293421608618553,1270.99999999864,0.293421608618553,0.866655458090947,1.03498791102529,1.25432192193376,0.123528195314539
"mp_0.3_1000.rds","ICES_SAM",0.3,1000,"all",0.199142857142857,4284.76591694845,0.296404666948103,1223,0.296404666948103,0.838571021215296,0.996082714312192,1.26424359826913,0.121691774695848
"mp_0.3_2000.rds","ICES_SAM",0.3,2000,"long-term",0.195714285714286,4116.61050081707,0.29663843856709,1154,0.29663843856709,0.812057082387195,0.946076751127744,1.25858966032192,0.124525903379246
"mp_0.3_2000.rds","ICES_SAM",0.3,2000,"short-term",0.189428571428571,4445.53135218774,0.292241441010066,1270.99999999999,0.292241441010066,0.866795892280424,1.03496183782028,1.24855552771447,0.125531506154275
"mp_0.3_2000.rds","ICES_SAM",0.3,2000,"all",0.195714285714286,4288.9508539122,0.294397157530736,1224.99999662006,0.294397157530736,0.839722385293207,0.996271737562668,1.25355517769957,0.124999999935519
"mp_0.3_3000.rds","ICES_SAM",0.3,3000,"long-term",0.172714285714286,4189.27896353753,0.286712721317482,1175.99999999848,0.286712721317482,0.831153527700087,0.966364893654841,1.20413623366845,0.139639637023454
"mp_0.3_3000.rds","ICES_SAM",0.3,3000,"short-term",0.166857142857143,4461.57512130248,0.285451154614081,1272.99999999943,0.285451154614081,0.872221160854395,1.03835184488741,1.21174476532967,0.134821167131973
"mp_0.3_3000.rds","ICES_SAM",0.3,3000,"all",0.172714285714286,4329.64618004309,0.28608106183805,1236,0.28608106183805,0.851689117575354,1.00441993091328,1.20825350754223,0.137312570697978
"mp_0.3_4000.rds","ICES_SAM",0.3,4000,"long-term",0.145428571428571,4378.96097207713,0.270296684649405,1216.99999999998,0.270296684649405,0.873076577111808,0.985264326615671,1.11912368066189,0.159512475519207
"mp_0.3_4000.rds","ICES_SAM",0.3,4000,"short-term",0.143,4542.00157904141,0.271653511595993,1278.99999999965,0.271653511595993,0.894564202514005,1.04568148058153,1.13368397939703,0.15426251722986
"mp_0.3_4000.rds","ICES_SAM",0.3,4000,"all",0.145428571428571,4461.37111797464,0.270979493880041,1258.9999998031,0.270979493880041,0.883845439914647,1.0170739981731,1.12646048935642,0.156944610704966
"mp_0.3_5000.rds","ICES_SAM",0.3,5000,"long-term",0.123714285714286,4635.03530492521,0.248679293888033,1174.99999961609,0.248679293888033,0.927613520574432,0.956199897172047,1.0228055332897,0.176650056527047
"mp_0.3_5000.rds","ICES_SAM",0.3,5000,"short-term",0.126857142857143,4765.81665051822,0.24630876615652,1179.99999989463,0.24630876615652,0.944291127399902,0.973765366497058,1.02058691359058,0.148588538481817
"mp_0.3_5000.rds","ICES_SAM",0.3,5000,"all",0.126857142857143,4701.01573591116,0.247467481788018,1179,0.247467481788018,0.935964250320167,0.968234065624634,1.02163413799458,0.162790697674025
"mp_0.3_6000.rds","ICES_SAM",0.3,6000,"long-term",0.108428571428571,4913.26870358706,0.226185359362276,1119.99999999998,0.226185359362276,0.986298433155702,0.9188693138066,0.933547520718119,0.186845111753414
"mp_0.3_6000.rds","ICES_SAM",0.3,6000,"short-term",0.126857142857143,5044.71765782561,0.217434355969414,1045.99999999996,0.217434355969414,1.00452918786082,0.894753633256107,0.906601697403266,0.162039114342188
"mp_0.3_6000.rds","ICES_SAM",0.3,6000,"all",0.126857142857143,4982.6926311045,0.221464389679898,1080.9999999998,0.221464389679898,0.995017377807753,0.903965235250289,0.919246991490916,0.17245091399912
"mp_0.3_7000.rds","ICES_SAM",0.3,7000,"long-term",0.095,5207.27674595938,0.20698531167882,1092.99999999379,0.20698531167882,1.04514503455708,0.89710889859631,0.859098842254783,0.190555793730253
"mp_0.3_7000.rds","ICES_SAM",0.3,7000,"short-term",0.126857142857143,5311.11841712578,0.193436035249534,997.999999076472,0.193436035249534,1.05757718375788,0.824588119423123,0.814335488863461,0.190809018445605
"mp_0.3_7000.rds","ICES_SAM",0.3,7000,"all",0.126857142857143,5259.33373001696,0.199669786608918,1044.99999999973,0.199669786608918,1.05160900574963,0.858721729283933,0.834781284792039,0.190667521859697
